ID,Pattern,Archetype (LaTeX),Intuition,Question,Distinction,Formula count,Fields
averaging,Averaging,\bar{x}_w=\frac{\sum_iw_ix_i}{\sum_iw_i},Replace many values with a representative while preserving a chosen aggregate.,"What quantity is being preserved, and what sets the weights?",Averages in different coordinates answer different questions.,183,Abstract algebra; Analysis; Calculus; Complex analysis; Computability; Differential equations; Discrete mathematics; Dynamical systems; Foundations; Game theory; Geometry; Information & signals; Linear algebra; Machine learning; Mathematical physics; Number theory; Numerical analysis; Optimization; Probability; Representation theory; Special functions; Statistics; Stochastic processes
linearity,Linearity,L(ax+by)=aL(x)+bL(y),Understand combinations by understanding their parts separately.,Can I solve basis cases and combine their answers?,Multiplying two variable inputs usually breaks linearity.,52,Abstract algebra; Analysis; Calculus; Complex analysis; Differential equations; Discrete mathematics; Dynamical systems; Foundations; Game theory; Information & signals; Linear algebra; Machine learning; Mathematical physics; Number theory; Numerical analysis; Optimization; Probability; Representation theory; Statistics; Stochastic processes; Topology & logic
local-linearization,Local linearization,f(x+h)=f(x)+Df(x)h+o(\|h\|),Replace a smooth rule near one point by its best linear approximation.,What is the first-order response to a small change?,A good local approximation need not be accurate far away.,128,Abstract algebra; Algebraic geometry; Analysis; Calculus; Complex analysis; Differential equations; Dynamical systems; Foundations; Game theory; Geometry; Information & signals; Machine learning; Mathematical physics; Number theory; Numerical analysis; Optimization; Probability; Special functions; Statistics; Stochastic processes; Topology & logic
accumulation,Accumulation,\sum_i\Delta q_i\quad\longleftrightarrow\quad\int dq,Build a global quantity by adding small contributions.,What is the local contribution and what measure weights it?,An infinite accumulation needs convergence or integrability.,138,Analysis; Calculus; Complex analysis; Computability; Differential equations; Discrete mathematics; Dynamical systems; Foundations; Game theory; Geometry; Information & signals; Linear algebra; Mathematical physics; Number theory; Numerical analysis; Optimization; Probability; Special functions; Statistics; Stochastic processes; Topology & logic
symmetry-invariance,Symmetry and invariance,I(g\cdot x)=I(x),"Identify what survives a transformation, then organize objects by that shared structure.",Which changes leave the essential quantity unchanged?,A symmetry depends on the object and the quantity being preserved.,188,Abstract algebra; Algebraic geometry; Analysis; Calculus; Category theory; Complex analysis; Differential equations; Discrete mathematics; Dynamical systems; Foundations; Geometry; Information & signals; Linear algebra; Machine learning; Mathematical physics; Number theory; Numerical analysis; Optimization; Probability; Representation theory; Special functions; Statistics; Stochastic processes; Topology & logic
duality,Duality,"\langle T^*\phi,x\rangle=\langle\phi,Tx\rangle","Describe an object through how it pairs with tests, constraints or measurements.",What is the corresponding question on the other side of the pairing?,"Different subjects use different, precise meanings of duality.",173,Abstract algebra; Algebraic geometry; Analysis; Calculus; Category theory; Complex analysis; Differential equations; Discrete mathematics; Dynamical systems; Foundations; Game theory; Geometry; Information & signals; Linear algebra; Machine learning; Mathematical physics; Number theory; Optimization; Probability; Representation theory; Special functions; Statistics; Stochastic processes; Topology & logic
orthogonality,Orthogonality,"\langle u,v\rangle=0\ \Rightarrow\ \|u+v\|^2=\|u\|^2+\|v\|^2",Separate contributions so they do not interfere in the chosen inner product.,Can I choose components whose cross terms vanish?,Uncorrelated random variables need not be independent.,81,Analysis; Differential equations; Dynamical systems; Foundations; Geometry; Information & signals; Linear algebra; Machine learning; Mathematical physics; Number theory; Numerical analysis; Optimization; Probability; Representation theory; Special functions; Statistics; Stochastic processes
optimization,Optimization,"x^*\in\operatorname*{arg\,min}_x F(x)",Define a desirable object as the one that best satisfies a criterion.,What objective and constraints identify the object I want?,A stationary point need not be a minimum or even exist.,121,Calculus; Complex analysis; Computability; Differential equations; Discrete mathematics; Dynamical systems; Foundations; Game theory; Geometry; Information & signals; Linear algebra; Machine learning; Mathematical physics; Number theory; Numerical analysis; Optimization; Probability; Statistics; Stochastic processes
fixed-points,Fixed points,T(x^*)=x^*,A solution can be an object left unchanged by an update.,Can the problem be rewritten as a self-consistency condition?,Existence of a fixed point does not imply iteration converges to it.,35,Analysis; Calculus; Category theory; Complex analysis; Computability; Differential equations; Dynamical systems; Game theory; Mathematical physics; Numerical analysis; Optimization; Probability; Representation theory; Stochastic processes; Topology & logic
recursion,Recursion and iteration,x_{n+1}=T_n(x_n),Generate or reason about complex objects one step at a time.,What information is sufficient to move to the next step?,"Repeated application can diverge, oscillate or accumulate error.",130,Abstract algebra; Algebraic geometry; Analysis; Calculus; Complex analysis; Computability; Differential equations; Discrete mathematics; Dynamical systems; Foundations; Information & signals; Linear algebra; Machine learning; Mathematical physics; Number theory; Numerical analysis; Optimization; Probability; Special functions; Statistics; Stochastic processes; Topology & logic
conservation,Conservation and balance,\partial_t\rho+\nabla\cdot J=0,Track what changes locally while a balance law constrains the total.,"Where does the quantity flow, accumulate or remain constant?",Global conservation depends on boundary flux and source terms.,89,Abstract algebra; Algebraic geometry; Analysis; Calculus; Category theory; Complex analysis; Differential equations; Discrete mathematics; Dynamical systems; Foundations; Game theory; Geometry; Information & signals; Linear algebra; Mathematical physics; Number theory; Numerical analysis; Probability; Representation theory; Statistics; Stochastic processes; Topology & logic
decomposition,Decomposition,x=\sum_jx_j,Break an object into parts whose roles are easier to understand.,Which pieces make computation or structure transparent?,A decomposition may be nonunique unless extra conditions are imposed.,346,Abstract algebra; Algebraic geometry; Analysis; Calculus; Category theory; Complex analysis; Computability; Differential equations; Discrete mathematics; Dynamical systems; Foundations; Geometry; Information & signals; Linear algebra; Machine learning; Mathematical physics; Number theory; Numerical analysis; Optimization; Probability; Representation theory; Special functions; Statistics; Stochastic processes; Topology & logic
change-of-coordinates,Change of coordinates,\widetilde T=S^{-1}TS,Keep the underlying object while choosing a representation that makes its structure simpler.,In which coordinates does the problem become natural?,"Coordinates may introduce Jacobians, singularities or branch choices.",121,Abstract algebra; Algebraic geometry; Analysis; Calculus; Category theory; Complex analysis; Computability; Differential equations; Discrete mathematics; Dynamical systems; Foundations; Geometry; Information & signals; Linear algebra; Machine learning; Mathematical physics; Number theory; Numerical analysis; Optimization; Probability; Representation theory; Special functions; Statistics; Stochastic processes
composition,Composition,(g\circ f)(x)=g(f(x)),Assemble transformations and processes by feeding outputs into inputs.,How do simple steps combine into the complete operation?,Order generally matters and domains must match.,135,Abstract algebra; Algebraic geometry; Analysis; Calculus; Category theory; Complex analysis; Computability; Differential equations; Discrete mathematics; Dynamical systems; Foundations; Geometry; Information & signals; Linear algebra; Machine learning; Mathematical physics; Number theory; Numerical analysis; Optimization; Probability; Representation theory; Special functions; Statistics; Stochastic processes; Topology & logic
limits-convergence,Limits and convergence,x_n\longrightarrow x,Pass from finite approximations to an exact or asymptotic object.,"Which notion of closeness is needed, and is the limit stable?","Pointwise, uniform, Lp and weak convergence permit different conclusions.",150,Abstract algebra; Analysis; Calculus; Complex analysis; Computability; Differential equations; Discrete mathematics; Dynamical systems; Geometry; Information & signals; Linear algebra; Machine learning; Number theory; Numerical analysis; Optimization; Probability; Special functions; Statistics; Stochastic processes; Topology & logic
counting,Counting,"|A\sqcup B|=|A|+|B|,\quad|A\times B|=|A||B|","Turn a problem into a collection of choices, partitions or correspondences.",Can I count the same objects in two useful ways?,"Overlaps, order and indistinguishable objects change the answer.",117,Abstract algebra; Algebraic geometry; Analysis; Calculus; Complex analysis; Computability; Discrete mathematics; Dynamical systems; Foundations; Game theory; Information & signals; Linear algebra; Machine learning; Mathematical physics; Number theory; Probability; Representation theory; Statistics; Topology & logic
generating-functions,Generating functions,G(z)=\sum_{n\ge0}a_nz^n,Store a sequence in one algebraic object so sequence operations become function operations.,Which coefficients encode the objects I want to understand?,Formal power series and analytic functions have different convergence requirements.,35,Algebraic geometry; Analysis; Discrete mathematics; Information & signals; Mathematical physics; Number theory; Probability; Special functions; Stochastic processes
exponential-log,Exponentials and logarithms,\exp(a+b)=\exp(a)\exp(b),"Move between additive change, multiplicative growth and oscillation.",Is the underlying process additive in a transformed scale?,Complex logarithms need branch conventions; matrices may not commute.,99,Analysis; Calculus; Complex analysis; Computability; Differential equations; Discrete mathematics; Dynamical systems; Foundations; Game theory; Information & signals; Linear algebra; Machine learning; Mathematical physics; Number theory; Numerical analysis; Optimization; Probability; Special functions; Statistics; Stochastic processes; Topology & logic
quadratic-structure,Quadratic structure,Q(x)=x^TAx,"Squared quantities encode distance, energy and local curvature through pairwise interactions.",What matrix or inner product controls the cross terms?,A quadratic form can be indefinite; it is not automatically a squared distance.,117,Analysis; Calculus; Differential equations; Discrete mathematics; Dynamical systems; Foundations; Geometry; Information & signals; Linear algebra; Machine learning; Mathematical physics; Number theory; Numerical analysis; Optimization; Probability; Special functions; Statistics; Stochastic processes
randomness,Randomness and distribution,"\mathbb E[f(X)]=\int f\,dP_X",Describe uncertain outcomes by a distribution and compute the consequences of that distribution.,"What are the outcomes, their probabilities, and their dependence?",Marginal distributions alone do not determine joint behavior.,38,Computability; Discrete mathematics; Game theory; Machine learning; Mathematical physics; Optimization; Probability; Statistics; Stochastic processes
convexity,Convexity,f(tx+(1-t)y)\le tf(x)+(1-t)f(y),Convex combinations and supporting planes turn local inequalities into global control.,Does averaging stay feasible and simplify the objective?,Convexity of a set and convexity of a function are distinct properties.,46,Analysis; Foundations; Game theory; Information & signals; Machine learning; Mathematical physics; Optimization; Probability; Statistics
geometry-distance,Geometry and distance,"d(x,z)\le d(x,y)+d(y,z)","Express relationships through length, angle, curvature or proximity.",What metric or geometry fits the objects being compared?,"A useful discrepancy, such as KL divergence, need not be a metric.",143,Algebraic geometry; Analysis; Calculus; Complex analysis; Differential equations; Dynamical systems; Foundations; Geometry; Information & signals; Linear algebra; Machine learning; Mathematical physics; Number theory; Numerical analysis; Optimization; Probability; Special functions; Statistics; Stochastic processes; Topology & logic
boundary-interior,Boundary and interior,\int_Md\omega=\int_{\partial M}\omega,Relate information throughout a region to information on its boundary.,Can a global integral be recovered from boundary data?,"Orientation, regularity and the kind of derivative matter.",99,Abstract algebra; Algebraic geometry; Analysis; Calculus; Complex analysis; Differential equations; Discrete mathematics; Dynamical systems; Foundations; Geometry; Mathematical physics; Numerical analysis; Optimization; Probability; Special functions; Stochastic processes; Topology & logic
algebraic-structure,Algebraic structure,\phi(x\star y)=\phi(x)\diamond\phi(y),"Study operations and the maps that preserve them, independently of one representation.",Which laws survive when I replace the concrete objects?,The same notation may describe operations with different axioms.,146,Abstract algebra; Algebraic geometry; Analysis; Category theory; Complex analysis; Computability; Differential equations; Discrete mathematics; Dynamical systems; Foundations; Geometry; Linear algebra; Mathematical physics; Number theory; Representation theory; Special functions; Topology & logic
information,Information and uncertainty,H(p)=-\sum_ip_i\log p_i,"Quantify uncertainty, distinguish distributions and track what observations reveal.","What is uncertain, and what changes after receiving information?",Discrete entropy and differential entropy behave differently under coordinate changes.,76,Abstract algebra; Category theory; Computability; Dynamical systems; Information & signals; Machine learning; Mathematical physics; Probability; Representation theory; Statistics; Stochastic processes
scaling,Scaling and homogeneity,f(\lambda x)=\lambda^k f(x),Identify how quantities respond to a change of scale or units.,Which combinations remain dimensionless or scale predictably?,An observed approximate power law is not automatically an exact identity.,132,Algebraic geometry; Analysis; Calculus; Complex analysis; Computability; Differential equations; Dynamical systems; Foundations; Game theory; Geometry; Information & signals; Linear algebra; Machine learning; Mathematical physics; Number theory; Numerical analysis; Optimization; Probability; Special functions; Statistics; Stochastic processes; Topology & logic
