ID,Title,URL,Type,Coverage / note
a-openstax-derivatives,"OpenStax, Calculus Volume 1: Differentiation, Key Equations",https://openstax.org/books/calculus-volume-1/pages/3-key-equations,open textbook,"Standard single-variable differentiation rules; further reading, with hypotheses supplied in individual entries."
a-openstax-series,"OpenStax, Calculus Volume 2: Taylor and Maclaurin Series",https://openstax.org/books/calculus-volume-2/pages/6-3-taylor-and-maclaurin-series,open textbook,"Taylor polynomials, remainders, analytic expansions and familiar power series."
a-openstax-numerical,"OpenStax, Calculus Volume 2: Numerical Integration",https://openstax.org/books/calculus-volume-2/pages/3-6-numerical-integration,open textbook,"Composite trapezoidal and Simpson quadrature, including error estimates."
a-openstax-stokes,"OpenStax, Calculus Volume 3: Stokes' Theorem",https://openstax.org/books/calculus-volume-3/pages/6-7-stokes-theorem,open textbook,Surface circulation and the relationship between Stokes' theorem and Green's theorem.
a-lebl-real1,"Jiří Lebl, Basic Analysis: Introduction to Real Analysis, Volume I",https://www.jirka.org/ra/realanal.pdf,author textbook,"Sequences, series, real differentiation, Riemann integration, uniform convergence and contraction arguments."
a-lebl-real2,"Jiří Lebl, Basic Analysis II: Introduction to Real Analysis, Volume II",https://www.jirka.org/ra/realanal2.pdf,author textbook,"Multivariable differentiation and integration, change of variables, approximation, compactness and Fourier series."
a-axler-measure,"Sheldon Axler, Measure, Integration & Real Analysis",https://measure.axler.net/MIRA.pdf,author textbook,"Measure integration, convergence theorems, product measures, Lp spaces, Hilbert spaces and Fourier analysis."
a-mit-functional,"Richard Melrose, Functional Analysis lecture notes, MIT, Spring 2020",https://ocw.mit.edu/courses/18-102-introduction-to-functional-analysis-spring-2021/3d4cc88026d44a01f936cd6a0aa995cb_MIT18_102s20_lec_FA.pdf,university lecture notes,"Banach and Hilbert spaces, bounded operators, functional representation and spectral methods."
a-ryzhik-analysis,"Lenya Ryzhik, Lecture Notes for Math 205A, Stanford",https://math.stanford.edu/~ryzhik/STANFORD/205-STANF/notes-205.pdf,university lecture notes,Real and harmonic analysis; particularly convolution and Riesz–Thorin interpolation in Section 9.3.
a-lebl-diffyqs,"Jiří Lebl, Notes on Diffy Qs: Differential Equations for Engineers",https://www.jirka.org/diffyqs/diffyqs.pdf,author textbook,"First- and second-order ODEs, systems, Fourier series, PDEs, Sturm–Liouville problems and Laplace transforms."
a-stanford-transport,"Stanford Math 220A, First-Order Equations",https://web.stanford.edu/class/math220a/handouts/firstorder.pdf,university lecture notes,Characteristic curves and first-order partial differential equations.
a-stanford-wave,"Stanford Math 220A, Wave Equation on the Real Line",https://web.stanford.edu/class/math220a/handouts/waveequation1.pdf,university lecture notes,"D'Alembert's formula, domains of dependence and wave-equation initial value problems."
a-stanford-heat,"Stanford Math 220B, Heat Equation",https://web.stanford.edu/class/math220b/handouts/heateqn.pdf,university lecture notes,"Heat kernels, initial value problems, separation of variables and inhomogeneous equations."
a-stanford-laplace,"Stanford Math 220B, Laplace's Equation",https://web.stanford.edu/class/math220b/handouts/laplace.pdf,university lecture notes,"Harmonic functions, mean values, boundary value problems and the maximum principle."
a-stanford-green,"Stanford Math 220B, Green's Functions",https://web.stanford.edu/class/math220b/handouts/greensfcns.pdf,university lecture notes,Green identities and boundary representations for elliptic equations.
a-stanford-variation,"Stanford Math 220B, Calculus of Variations",https://web.stanford.edu/class/math220b/handouts/calcvar.pdf,university lecture notes,"Dirichlet energy, Euler–Lagrange equations and variational eigenvalue characterizations."
a-hunter-pde,"John K. Hunter, Notes on Partial Differential Equations, UC Davis",https://www.math.ucdavis.edu/~hunter/pdes/pde_notes.pdf,university lecture notes,"Weak derivatives, distributions, Sobolev spaces, Poincaré inequality, weak formulations and energy methods."
a-mit-cauchy,"Jeremy Orloff, MIT 18.04 Topic 4: Cauchy's Integral Formula",https://ocw.mit.edu/courses/18-04-complex-variables-with-applications-spring-2018/b1a90df19f643b974555bbbb93138a48_MIT18_04S18_topic4.pdf,university lecture notes,"Cauchy's integral formula, derivatives and consequences of holomorphicity."
a-mit-residue,"Jeremy Orloff, MIT 18.04 Topic 8: Residue Theorem",https://ocw.mit.edu/courses/18-04-complex-variables-with-applications-spring-2018/3c58ce71ec6f7573804221d76158a0bd_MIT18_04S18_topic8.pdf,university lecture notes,"Residues, isolated singularities and contour integration."
a-mit-argument,"Jeremy Orloff, MIT 18.04 Topic 11: Argument Principle",https://ocw.mit.edu/courses/18-04-complex-variables-with-applications-spring-2018/44f1db513a6a17d655abe0b6ff7748fc_MIT18_04S18_topic11.pdf,university lecture notes,"Counting zeros and poles by boundary winding, including Rouché's theorem."
a-lebl-complex,"Jiří Lebl, Guide to Cultivating Complex Analysis",https://www.jirka.org/ca/ca.pdf,author textbook,"Holomorphic functions, Cauchy theory, series, singularities, harmonic functions and analytic continuation."
a-mit-fourier,"MIT RES.18-015, Topics in Fourier Analysis, Spring 2024",https://ocw.mit.edu/courses/res-18-015-topics-in-fourier-analysis-spring-2024/mitres_18_015_s24_full_lec.pdf,university lecture notes,"Fourier series, Cesàro means, kernels and convergence; reference for Fejér averaging."
a-tong-dynamics,"David Tong, Classical Dynamics, University of Cambridge",https://davidtong.org/pdfs/teaching/classical-dynamics/clas.pdf,author lecture notes,"Lagrangian and Hamiltonian mechanics, stationarity of action and conservation from continuous symmetries."
a-ntnu-transport,"Leif Rune Hellevik, Cardiovascular Biomechanics: Conservation Laws, NTNU",https://leifh.folk.ntnu.no/teaching/tkt4150/._main003.html,university lecture notes,Reynolds transport theorem for moving control volumes and conservation of continuum quantities.
a-jhu-forms,"Richard Brown, Johns Hopkins Honors Multivariable Calculus, Lecture 25: Differential Forms",https://math.jhu.edu/~brown/courses/s19/Lectures/Lecture25.pdf,university lecture notes,"Exterior differentiation, generalized Stokes' theorem and its vector-calculus special cases."
b-bayes,Pishro-Nik: Bayes' rule,https://www.probabilitycourse.com/chapter1/1_4_3_bayes_rule.php,textbook,"Conditional probability, total probability, and reversing conditioning."
b-expectation,Pishro-Nik: Expectation,https://www.probabilitycourse.com/chapter3/3_2_2_expectation.php,textbook,"Discrete expectations, weighted averages, and linearity."
b-variance,Pishro-Nik: Variance,https://www.probabilitycourse.com/chapter3/3_2_4_variance.php,textbook,Variance identities and interpretation of squared deviations.
b-conditioning,Pishro-Nik: Conditional expectation and variance,https://www.probabilitycourse.com/chapter5/5_1_5_conditional_expectation.php,textbook,"Iterated expectation, conditional variance, and variance decomposition."
b-discrete,Pishro-Nik: Special discrete distributions,https://www.probabilitycourse.com/chapter3/3_1_5_special_discrete_distr.php,textbook,"Bernoulli, binomial, geometric, Poisson, negative binomial, and hypergeometric families."
b-gamma,Pishro-Nik: Gamma distribution,https://www.probabilitycourse.com/chapter4/4_2_4_Gamma_distribution.php,textbook,"Gamma normalization, rate parameterization, and waiting times."
b-distributions,NIST: Gallery of distributions,https://www.itl.nist.gov/div898/handbook/eda/section3/eda366.htm,reference,Official index of common continuous and discrete distribution formulas.
b-lln,Pishro-Nik: Almost sure convergence and the strong law,https://www.probabilitycourse.com/chapter7/7_2_7_almost_sure_convergence.php,textbook,Almost-sure convergence and the iid integrable strong law of large numbers.
b-clt,Pishro-Nik: Central limit theorem,https://www.probabilitycourse.com/chapter7/7_1_2_central_limit_theorem.php,textbook,The iid finite-variance CLT and careful normalization.
b-markov,Pishro-Nik: Introduction to discrete-time Markov chains,https://www.probabilitycourse.com/chapter11/11_2_1_introduction.php,textbook,Markov property and time-homogeneous transitions.
b-poisson,Pishro-Nik: Basic concepts of the Poisson process,https://www.probabilitycourse.com/chapter11/11_1_2_basic_concepts_of_the_poisson_process.php,textbook,"Independent increments, Poisson counts, and the rare-event limit."
b-martingale,"Gamarnik, MIT: Filtration and martingales",https://ocw.mit.edu/courses/15-070j-advanced-stochastic-processes-fall-2013/69dc2223b9957bbcc754de94dfc64cfd_MIT15_070JF13_Lec9.pdf,lecture notes,Measure-theoretic conditional expectation and martingales.
b-ito-integral,"Gamarnik, MIT: Ito integral",https://ocw.mit.edu/courses/15-070j-advanced-stochastic-processes-fall-2013/ad98cd13ff58c5ed7094841be68d57d7_MIT15_070JF13_Lec16.pdf,lecture notes,"Construction, square integrability, and properties of the Ito integral."
b-ito-formula,"Gamarnik, MIT: Ito process and formula",https://ocw.mit.edu/courses/15-070j-advanced-stochastic-processes-fall-2013/d9d7372cbf65d56aa8aa9d59ba0ab2e8_MIT15_070JF13_Lec17.pdf,lecture notes,Ito's formula and stochastic product and chain rules.
b-statistics,"Sara van de Geer, ETH: Mathematical Statistics",https://stat.ethz.ch/~geer/mathstat.pdf,lecture notes,"Estimation, sufficiency, Rao-Blackwell, Cramer-Rao, testing, and asymptotic theory."
b-mle,Taboga: Maximum likelihood estimation,https://www.statlect.com/fundamentals-of-statistics/maximum-likelihood,textbook,"Likelihood definition, optimization, and regularity-dependent asymptotics."
b-regression,Taboga: Normal equations,https://www.statlect.com/glossary/normal-equations,textbook,OLS first-order equations and solving the regression problem.
b-delta,Taboga: Delta method,https://www.statlect.com/asymptotic-theory/delta-method,textbook,Univariate and multivariate delta method with differentiability assumptions.
b-convex,"Boyd, Vandenberghe, and Nobel: Convex Optimization slides",https://www.stanford.edu/~boyd/cvxbook/bv_cvxslides.pdf,lecture notes,"Convexity, duality, KKT, Slater, least squares, and numerical optimization."
b-proximal,Parikh and Boyd: Proximal Algorithms,https://web.stanford.edu/~boyd/papers/pdf/prox_algs.pdf,monograph,"Proximal operators, soft thresholding, splitting methods, and convergence conditions."
b-info-entropy,"Polyanskiy and Wu, MIT: Entropy and divergence",https://www.ocw.mit.edu/courses/6-441-information-theory-spring-2016/2243edffb30f57181ed97dcb77691580_MIT6_441S16_chapter_1.pdf,lecture notes,"Discrete entropy, support conventions, divergence, and differential entropy."
b-info-mutual,"Polyanskiy and Wu, MIT: Mutual information",https://www.ocw.mit.edu/courses/6-441-information-theory-spring-2016/184197ca5d5418da2415d37e929860b9_MIT6_441S16_chapter_2.pdf,lecture notes,"Mutual information, conditional information, and processing inequalities."
b-info-coding,"Polyanskiy and Wu, MIT: Variable-length lossless compression",https://www.ocw.mit.edu/courses/6-441-information-theory-spring-2016/67d8e68cd8fda55366e3f9f0a9465c17_MIT6_441S16_chapter_6.pdf,lecture notes,"Prefix coding, Kraft inequality, and entropy bounds on code lengths."
b-info-channel,"Polyanskiy and Wu, MIT: Channels with input constraints",https://www.ocw.mit.edu/courses/6-441-information-theory-spring-2016/24fb44b6a101e847c32ffe38bbeeea6e_MIT6_441S16_chapter_17.pdf,lecture notes,Power-constrained Gaussian channels and capacity.
b-fourier,"Osgood, Stanford EE261: Fourier transform and inversion",https://see.stanford.edu/materials/lsoftaee261/transcripts/TheFourierTransformAndItsApplications-Lecture06.html,lecture transcript,"Continuous Fourier transform, inversion, and relation to Fourier series; 2-pi convention."
b-fourier-properties,"Osgood, Stanford EE261: Shift, scaling, and convolution",https://see.stanford.edu/materials/lsoftaee261/transcripts/TheFourierTransformAndItsApplications-Lecture08.html,lecture transcript,"Transform rules connecting translation, scaling, and convolution."
b-sampling,"Osgood, Stanford EE261: Sampling and interpolation",https://see.stanford.edu/materials/lsoftaee261/transcripts/TheFourierTransformAndItsApplications-Lecture17.html,lecture transcript,Bandlimited interpolation and sampling reconstruction.
b-fft,"Osgood, Stanford EE261: Fast Fourier transform",https://see.stanford.edu/materials/lsoftaee261/transcripts/TheFourierTransformAndItsApplications-Lecture22.html,lecture transcript,Even-odd decomposition of the discrete Fourier transform.
b-markov-book,Grinstead and Snell: Introduction to Probability,https://math.dartmouth.edu/~prob/prob/prob.pdf,textbook,"Chapter 11 develops finite Markov chains, stationary laws, absorbing chains, and fundamental matrices."
b-random-signals,MIT: Random processes and spectral analysis,https://sia.mit.edu/wp-content/uploads/2015/04/chapter4.pdf,lecture notes,"Autocorrelation, power spectral density, Wiener-Khinchin, and random signals."
b-fokker,"Rosales, MIT: Heat equation and Fokker-Planck notes",https://math.mit.edu/classes/18.306/WWW2017/Notes/LectureTopics306.pdf,lecture notes,"Diffusion, stochastic differential equations, and the Fokker-Planck equation."
b-mirror,Stanford EE364b: Mirror descent and variable metric methods,https://web.stanford.edu/class/ee364b/lectures/mirror_descent_slides.pdf,lecture notes,"Bregman divergence, mirror descent, and geometry-dependent optimization."
b-bayes-learning,Stanford CS228: Bayesian learning,https://ermongroup.github.io/cs228-notes/learning/bayesian/,lecture notes,"Bayesian parameter learning, conjugacy, and beta-Bernoulli updating."
b-bootstrap,"Zhou Fan, Stanford: The bootstrap",https://web.stanford.edu/class/stats200/Lecture19.pdf,lecture notes,Parametric and empirical resampling and estimating standard errors.
b-em,"Andrew Ng, Stanford CS229: The EM algorithm",https://cs229.stanford.edu/notes_archive/cs229-notes8.pdf,lecture notes,"Jensen's inequality, latent-variable likelihoods, and EM updates."
b-kalman,"Stephen Boyd, Stanford EE363: The Kalman filter",https://ee363.stanford.edu/archive/lectures/kf.pdf,lecture notes,Gaussian state estimation and recursive mean-covariance updates.
b-momentum,Gabriel Goh: Why Momentum Really Works,https://distill.pub/2017/momentum/,article,"Eigenmode analysis, stability, and intuition for momentum on quadratics."
b-info-fano,"Polyanskiy and Wu, MIT: Probability of error and entropy rate",https://www.ocw.mit.edu/courses/6-441-information-theory-spring-2016/b208f091f76052d60eda895dc8d13e97_MIT6_441S16_chapter_5.pdf,lecture notes,Fano inequality and the link between information and estimation error.
b-info-capacity,"Polyanskiy and Wu, MIT: Linear codes and channel capacity",https://www.ocw.mit.edu/courses/6-441-information-theory-spring-2016/f417578e714d472cb08d463825e45f03_MIT6_441S16_chapter_16.pdf,lecture notes,"Discrete memoryless channels, mutual information, and operational capacity."
b-fourier-gaussian,"Osgood, Stanford EE261: Gaussian transform and duality",https://see.stanford.edu/materials/lsoftaee261/transcripts/TheFourierTransformAndItsApplications-Lecture07.html,lecture transcript,Fourier transform of the Gaussian and transform duality.
b-fourier-derivative,"Osgood, Stanford EE261: Convolution and differentiation",https://see.stanford.edu/materials/lsoftaee261/transcripts/TheFourierTransformAndItsApplications-Lecture09.html,lecture transcript,"Derivative transform rule, filtering, and heat flow."
b-plancherel,"Osgood, Stanford EE261: Schwartz functions and Parseval",https://see.stanford.edu/materials/lsoftaee261/transcripts/TheFourierTransformAndItsApplications-Lecture11.html,lecture transcript,"Convergence, Schwartz test functions, and the Fourier energy identity."
b-dft,"Osgood, Stanford EE261: DFT and inverse DFT",https://see.stanford.edu/materials/lsoftaee261/transcripts/TheFourierTransformAndItsApplications-Lecture20.html,lecture transcript,"Discrete exponentials, orthogonality, and inverse DFT normalization."
b-lti,"Osgood, Stanford EE261: Translation-invariant systems",https://see.stanford.edu/materials/lsoftaee261/transcripts/TheFourierTransformAndItsApplications-Lecture25.html,lecture transcript,"Convolution systems, Fourier eigenfunctions, and discrete counterparts."
b-uncertainty,"Folland and Sitaram: The uncertainty principle, a mathematical survey",https://www.math.stonybrook.edu/~bishop/classes/math533.S21/Notes/Folland_uncertainty.pdf,research tutorial,Proofs and variants of Heisenberg's Fourier uncertainty inequality.
b-concentration,MIT 18.465: Hoeffding and Hoeffding-Chernoff inequalities,https://ocw.mit.edu/courses/18-465-topics-in-statistics-statistical-learning-theory-spring-2007/8fc2f7e9e92e6ed03edf22dd35f37eb5_lecture07.pdf,lecture notes,Exponential-moment bounds and concentration for bounded independent variables.
c-axler,"Sheldon Axler — Linear Algebra Done Right, fourth edition",https://linear.axler.net/LADR4e.pdf,open textbook,"Further reading for finite-dimensional linear algebra, inner products, spectral theory, matrix factorizations and multilinear algebra. Original atlas explanations are not textbook quotations."
c-stein,"William Stein — Elementary Number Theory: Primes, Congruences, and Secrets",https://wstein.org/ent/ent.pdf,author textbook,"Further reading on divisibility, congruences, finite groups, quadratic reciprocity and continued fractions."
c-mcs,"Lehman, Leighton and Meyer — Mathematics for Computer Science",https://ocw.mit.edu/courses/6-042j-mathematics-for-computer-science-spring-2015/mit6_042js15_textbook.pdf,university textbook,"MIT text covering proofs, counting, graphs, recurrences, generating functions and elementary number theory."
c-spielman,Daniel Spielman — Spectral and Algebraic Graph Theory,https://www.cs.yale.edu/homes/spielman/sagt/sagt.pdf,author textbook,"Graph Laplacians, quadratic energy, eigenvalues, spanning trees and linear algebra of networks."
c-hatcher,Allen Hatcher — Algebraic Topology,https://pi.math.cornell.edu/~hatcher/AT/AT.pdf,author textbook,"Fundamental groups, covering spaces, homology, cohomology, duality and fixed-point applications."
c-shifrin,Theodore Shifrin — Differential Geometry: A First Course in Curves and Surfaces,https://math.franklin.uga.edu/sites/default/files/inline-files/ShifrinDiffGeo.pdf,university textbook,"Curve curvature and torsion, surface geometry, fundamental forms, geodesics and Gauss–Bonnet."
c-burtscher,Annegret Burtscher — Introduction to Riemannian Geometry,https://www.math.ru.nl/~burtscher/lecturenotes/2425RGnotes.pdf,university lecture notes,"Riemannian metrics, volume, connections, geodesics and curvature; sign conventions are stated in atlas entries."
c-logic,"Open Logic Project — Sets, Logic, Computation",https://slc.openlogicproject.org/slc-screen.pdf,open textbook,"Sets, first-order logic, proof systems, soundness, completeness, compactness and computability."
c-group-iso,Thomas Judson — The Isomorphism Theorems,https://judsonbooks.org/aata-files/aata-html/homomorph-section-group-isomorphism-theorems.html,author textbook chapter,"Kernels, quotient groups and the first isomorphism theorem."
c-actions,Thomas Judson — Groups Acting on Sets,https://judsonbooks.org/aata-files/aata-html/actions-section-groups-acting-on-sets.html,author textbook chapter,"Group actions, orbits, stabilizers and permutation representations."
c-class,Thomas Judson — The Class Equation,https://judsonbooks.org/aata-files/aata-html/actions-section-class-equation.html,author textbook chapter,"Conjugation, centralizers and the class equation."
c-burnside,Thomas Judson — Burnside’s Counting Theorem,https://judsonbooks.org/aata-files/aata-html/actions-section-burnsides-counting-theorem.html,author textbook chapter,Counting orbits by averaging fixed points.
c-lagrange,Thomas Judson — Lagrange’s Theorem,https://judsonbooks.org/aata-files/aata-html/cosets-section-lagranges-theorem.html,author textbook chapter,"Coset counts, divisibility of subgroup orders and element orders."
c-sylow,Thomas Judson — The Sylow Theorems,https://judsonbooks.org/aata-files/aata-html/sylow-section-sylow-theorems.html,author textbook chapter,"Existence, conjugacy and counts of maximal prime-power subgroups."
c-abelian,Thomas Judson — Finite Abelian Groups,https://judsonbooks.org/aata-files/aata-html/struct-section-finite-abelian-groups.html,author textbook chapter,Decomposition of finite abelian groups into cyclic factors.
c-rings,Thomas Judson — Rings,https://judsonbooks.org/aata-files/aata-html/rings-section-definitions.html,author textbook chapter,"Ring operations, distributivity and examples."
c-ideals,Thomas Judson — Ring Homomorphisms and Ideals,https://judsonbooks.org/aata-files/aata-html/rings-section-homomorphisms.html,author textbook chapter,"Ideals, quotient rings and maps preserving two operations."
c-prime-ideals,Thomas Judson — Maximal and Prime Ideals,https://judsonbooks.org/aata-files/aata-html/rings-section-maximal-prime-ideals.html,author textbook chapter,Field and integral-domain criteria for quotient rings.
c-extensions,Thomas Judson — Extension Fields,https://judsonbooks.org/aata-files/aata-html/fields-section-extension-fields.html,author textbook chapter,"Algebraic elements, minimal polynomials and the degree tower law."
c-finite-fields,Thomas Judson — Structure of a Finite Field,https://judsonbooks.org/aata-files/aata-html/finite-section-field.html,author textbook chapter,"Prime-power cardinalities, Frobenius and multiplicative structure of finite fields."
c-galois,Thomas Judson — The Fundamental Theorem of Galois Theory,https://judsonbooks.org/aata-files/aata-html/galois-section-fund-theorem-galois-theory.html,author textbook chapter,The inclusion-reversing correspondence between subfields and automorphism subgroups.
c-higham-exp,Nick Higham — What Is the Matrix Exponential?,https://nhigham.com/2020/05/28/what-is-the-matrix-exponential/,author exposition,"Matrix exponential convergence, linear ODE solutions and the commutativity qualification for the exponential product law."
c-higham-update,Nick Higham — What Is the Sherman–Morrison–Woodbury Formula?,https://nhigham.com/2020/09/29/what-is-the-sherman-morrison-woodbury-formula/,author exposition,Rank-one inverse updates and their relationship to Schur complements.
c-nist-functions,NIST DLMF §27.2 — Functions of Number Theory,https://dlmf.nist.gov/27.2,reference handbook,"Definitions of prime factorization, totient, divisor sums and the Möbius function."
c-nist-multiplicative,NIST DLMF §27.3 — Multiplicative Properties,https://dlmf.nist.gov/27.3,reference handbook,Prime-product formulas for totient and divisor functions.
c-nist-inversion,NIST DLMF §27.5 — Inversion Formulas,https://dlmf.nist.gov/27.5,reference handbook,Dirichlet convolution and Möbius inversion identities.
c-valuations,"Andrew Sutherland — Complete fields and valuation rings, MIT 18.785 Lecture 8",https://math.mit.edu/classes/18.785/2021fa/LectureNotes8.pdf,university lecture notes,"Absolute values, ultrametrics, completion and valuation-based topology; further background for p-adic distance."
c-derham,Alejandro Ginory — De Rham’s Theorem,https://sites.math.rutgers.edu/~ag930/Some%20Math/deRhamThm.pdf,university exposition,"Singular chains and cochains, smooth singular homology, differential-form cohomology and the integration isomorphism."
ea-dlmf-52,NIST DLMF §5.2: Gamma definitions,https://dlmf.nist.gov/5.2,primary reference,"Definitions, formulas and domain conventions for gamma definitions."
ea-dlmf-55,NIST DLMF §5.5: Gamma functional relations,https://dlmf.nist.gov/5.5,primary reference,"Definitions, formulas and domain conventions for gamma functional relations."
ea-dlmf-511,NIST DLMF §5.11: Gamma asymptotics,https://dlmf.nist.gov/5.11,primary reference,"Definitions, formulas and domain conventions for gamma asymptotics."
ea-dlmf-512,NIST DLMF §5.12: Beta function,https://dlmf.nist.gov/5.12,primary reference,"Definitions, formulas and domain conventions for beta function."
ea-dlmf-515,NIST DLMF §5.15: Polygamma functions,https://dlmf.nist.gov/5.15,primary reference,"Definitions, formulas and domain conventions for polygamma functions."
ea-dlmf-72,"NIST DLMF §7.2: Error, Dawson and Fresnel functions",https://dlmf.nist.gov/7.2,primary reference,"Definitions, formulas and domain conventions for error, dawson and fresnel functions."
ea-dlmf-712,NIST DLMF §7.12: Error-function asymptotics,https://dlmf.nist.gov/7.12,primary reference,"Definitions, formulas and domain conventions for error-function asymptotics."
ea-dlmf-82,NIST DLMF §8.2: Incomplete gamma functions,https://dlmf.nist.gov/8.2,primary reference,"Definitions, formulas and domain conventions for incomplete gamma functions."
ea-dlmf-62,"NIST DLMF §6.2: Exponential, sine and cosine integrals",https://dlmf.nist.gov/6.2,primary reference,"Definitions, formulas and domain conventions for exponential, sine and cosine integrals."
ea-dlmf-92,NIST DLMF §9.2: Airy differential equation,https://dlmf.nist.gov/9.2,primary reference,"Definitions, formulas and domain conventions for airy differential equation."
ea-dlmf-97,NIST DLMF §9.7: Airy asymptotics,https://dlmf.nist.gov/9.7,primary reference,"Definitions, formulas and domain conventions for airy asymptotics."
ea-dlmf-102,NIST DLMF §10.2: Bessel functions,https://dlmf.nist.gov/10.2,primary reference,"Definitions, formulas and domain conventions for bessel functions."
ea-dlmf-106,NIST DLMF §10.6: Bessel recurrences and derivatives,https://dlmf.nist.gov/10.6,primary reference,"Definitions, formulas and domain conventions for bessel recurrences and derivatives."
ea-dlmf-1017,NIST DLMF §10.17: Bessel asymptotics,https://dlmf.nist.gov/10.17,primary reference,"Definitions, formulas and domain conventions for bessel asymptotics."
ea-dlmf-1022,NIST DLMF §10.22: Bessel integrals,https://dlmf.nist.gov/10.22,primary reference,"Definitions, formulas and domain conventions for bessel integrals."
ea-dlmf-1025,NIST DLMF §10.25: Modified Bessel functions,https://dlmf.nist.gov/10.25,primary reference,"Definitions, formulas and domain conventions for modified bessel functions."
ea-dlmf-1047,NIST DLMF §10.47: Spherical Bessel functions,https://dlmf.nist.gov/10.47,primary reference,"Definitions, formulas and domain conventions for spherical bessel functions."
ea-dlmf-183,NIST DLMF §18.3: Classical orthogonal polynomial definitions,https://dlmf.nist.gov/18.3,primary reference,"Definitions, formulas and domain conventions for classical orthogonal polynomial definitions."
ea-dlmf-185,NIST DLMF §18.5: Orthogonal polynomial explicit representations,https://dlmf.nist.gov/18.5,primary reference,"Definitions, formulas and domain conventions for orthogonal polynomial explicit representations."
ea-dlmf-187,NIST DLMF §18.7: Orthogonal polynomial interrelations,https://dlmf.nist.gov/18.7,primary reference,"Definitions, formulas and domain conventions for orthogonal polynomial interrelations."
ea-dlmf-188,NIST DLMF §18.8: Orthogonal polynomial differential equations,https://dlmf.nist.gov/18.8,primary reference,"Definitions, formulas and domain conventions for orthogonal polynomial differential equations."
ea-dlmf-189,NIST DLMF §18.9: Orthogonal polynomial recurrences,https://dlmf.nist.gov/18.9,primary reference,"Definitions, formulas and domain conventions for orthogonal polynomial recurrences."
ea-dlmf-1812,NIST DLMF §18.12: Orthogonal polynomial generating functions,https://dlmf.nist.gov/18.12,primary reference,"Definitions, formulas and domain conventions for orthogonal polynomial generating functions."
ea-dlmf-182,NIST DLMF §18.2: General orthogonal polynomials,https://dlmf.nist.gov/18.2,primary reference,"Definitions, formulas and domain conventions for general orthogonal polynomials."
ea-dlmf-152,NIST DLMF §15.2: Hypergeometric definitions,https://dlmf.nist.gov/15.2,primary reference,"Definitions, formulas and domain conventions for hypergeometric definitions."
ea-dlmf-156,NIST DLMF §15.6: Hypergeometric integral representations,https://dlmf.nist.gov/15.6,primary reference,"Definitions, formulas and domain conventions for hypergeometric integral representations."
ea-dlmf-1510,NIST DLMF §15.10: Hypergeometric differential equation,https://dlmf.nist.gov/15.10,primary reference,"Definitions, formulas and domain conventions for hypergeometric differential equation."
ea-dlmf-154,NIST DLMF §15.4: Hypergeometric special cases,https://dlmf.nist.gov/15.4,primary reference,"Definitions, formulas and domain conventions for hypergeometric special cases."
ea-dlmf-132,NIST DLMF §13.2: Kummer functions,https://dlmf.nist.gov/13.2,primary reference,"Definitions, formulas and domain conventions for kummer functions."
ea-dlmf-162,NIST DLMF §16.2: Generalized hypergeometric functions,https://dlmf.nist.gov/16.2,primary reference,"Definitions, formulas and domain conventions for generalized hypergeometric functions."
ea-fnc-floating-point,"Driscoll and Braun, FNC: Floating-point numbers",https://fncbook.com/floating-point/,author textbook,Author textbook treatment of floating-point numbers.
ea-fnc-conditioning,"Driscoll and Braun, FNC: Problems and conditioning",https://fncbook.com/conditioning/,author textbook,Author textbook treatment of problems and conditioning.
ea-fnc-stability,"Driscoll and Braun, FNC: Stability",https://fncbook.com/stability/,author textbook,Author textbook treatment of stability.
ea-fnc-stiffness,"Driscoll and Braun, FNC: Stiffness",https://fncbook.com/stiffness/,author textbook,Author textbook treatment of stiffness.
ea-fnc-multistep,"Driscoll and Braun, FNC: Multistep methods",https://fncbook.com/multistep/,author textbook,Author textbook treatment of multistep methods.
ea-fnc-subspace,"Driscoll and Braun, FNC: Krylov subspaces",https://fncbook.com/subspace/,author textbook,Author textbook treatment of krylov subspaces.
ea-fnc-absstab-diffusion,"Driscoll and Braun, FNC: Absolute stability",https://fncbook.com/absstab-diffusion/,author textbook,Author textbook treatment of absolute stability.
ea-fnc-adaptive-rk,"Driscoll and Braun, FNC: Adaptive Runge–Kutta",https://fncbook.com/adaptive-rk/,author textbook,Author textbook treatment of adaptive runge–kutta.
ea-fnc-adaptive,"Driscoll and Braun, FNC: Adaptive integration",https://fncbook.com/adaptive/,author textbook,Author textbook treatment of adaptive integration.
ea-fnc-evd,"Driscoll and Braun, FNC: Eigenvalue decomposition and sensitivity",https://fncbook.com/evd/,author textbook,Author textbook treatment of eigenvalue decomposition and sensitivity.
ea-fnc-finitediffs,"Driscoll and Braun, FNC: Finite differences",https://fncbook.com/finitediffs/,author textbook,Author textbook treatment of finite differences.
ea-fnc-barycentric,"Driscoll and Braun, FNC: Barycentric interpolation",https://fncbook.com/barycentric/,author textbook,Author textbook treatment of barycentric interpolation.
ea-fnc-upwind,"Driscoll and Braun, FNC: Upwinding and stability",https://fncbook.com/upwind/,author textbook,Author textbook treatment of upwinding and stability.
ea-fnc-spectral-integration,"Driscoll and Braun, FNC: Spectral and Gaussian integration",https://fncbook.com/spectral-integration/,author textbook,Author textbook treatment of spectral and gaussian integration.
ea-fnc-gmres,"Driscoll and Braun, FNC: GMRES",https://fncbook.com/gmres/,author textbook,Author textbook treatment of gmres.
ea-fnc-galerkin,"Driscoll and Braun, FNC: Galerkin method",https://fncbook.com/galerkin/,author textbook,Author textbook treatment of galerkin method.
ea-fnc-lu,"Driscoll and Braun, FNC: LU factorization",https://fncbook.com/lu/,author textbook,Author textbook treatment of lu factorization.
ea-fnc-house,"Driscoll and Braun, FNC: Computing QR factorizations",https://fncbook.com/house/,author textbook,Author textbook treatment of computing qr factorizations.
ea-fnc-splines,"Driscoll and Braun, FNC: Cubic splines",https://fncbook.com/splines/,author textbook,Author textbook treatment of cubic splines.
ea-fnc-minrescg,"Driscoll and Braun, FNC: MINRES and conjugate gradients",https://fncbook.com/minrescg/,author textbook,Author textbook treatment of minres and conjugate gradients.
ea-fnc-condition-number,"Driscoll and Braun, FNC: Conditioning of linear systems",https://fncbook.com/condition-number/,author textbook,Author textbook treatment of conditioning of linear systems.
ea-fnc-rootproblem,"Driscoll and Braun, FNC: Rootfinding problem",https://fncbook.com/rootproblem/,author textbook,Author textbook treatment of rootfinding problem.
ea-fnc-zerostability,"Driscoll and Braun, FNC: Zero stability",https://fncbook.com/zerostability/,author textbook,Author textbook treatment of zero stability.
ea-fnc-methodlines,"Driscoll and Braun, FNC: Method of lines",https://fncbook.com/methodlines/,author textbook,Author textbook treatment of method of lines.
ea-fnc-algorithms,"Driscoll and Braun, FNC: Algorithms",https://fncbook.com/algorithms/,author textbook,Author textbook treatment of algorithms.
ea-fnc-precond,"Driscoll and Braun, FNC: Preconditioning",https://fncbook.com/precond/,author textbook,Author textbook treatment of preconditioning.
ea-fnc-orthogonal,"Driscoll and Braun, FNC: Orthogonal polynomials",https://fncbook.com/orthogonal/,author textbook,Author textbook treatment of orthogonal polynomials.
ea-fnc-interpolation,"Driscoll and Braun, FNC: Interpolation problem",https://fncbook.com/interpolation/,author textbook,Author textbook treatment of interpolation problem.
ea-fnc-secant,"Driscoll and Braun, FNC: Interpolation-based rootfinding",https://fncbook.com/secant/,author textbook,Author textbook treatment of interpolation-based rootfinding.
ea-fnc-power,"Driscoll and Braun, FNC: Power iteration",https://fncbook.com/power/,author textbook,Author textbook treatment of power iteration.
ea-fnc-shooting,"Driscoll and Braun, FNC: Shooting",https://fncbook.com/shooting/,author textbook,Author textbook treatment of shooting.
ea-dlmf-192,NIST DLMF §19.2: Elliptic integrals,https://dlmf.nist.gov/19.2,primary reference,"Definitions, formulas and domain conventions for elliptic integrals."
ea-dlmf-198,NIST DLMF §19.8: Elliptic quadratic transformations,https://dlmf.nist.gov/19.8,primary reference,"Definitions, formulas and domain conventions for elliptic quadratic transformations."
ea-dlmf-222,NIST DLMF §22.2: Jacobian elliptic functions,https://dlmf.nist.gov/22.2,primary reference,"Definitions, formulas and domain conventions for jacobian elliptic functions."
ea-dlmf-252,NIST DLMF §25.2: Riemann zeta definitions,https://dlmf.nist.gov/25.2,primary reference,"Definitions, formulas and domain conventions for riemann zeta definitions."
ea-dlmf-254,NIST DLMF §25.4: Zeta reflection formulas,https://dlmf.nist.gov/25.4,primary reference,"Definitions, formulas and domain conventions for zeta reflection formulas."
ea-dlmf-256,NIST DLMF §25.6: Zeta integer values,https://dlmf.nist.gov/25.6,primary reference,"Definitions, formulas and domain conventions for zeta integer values."
ea-dlmf-2511,NIST DLMF §25.11: Hurwitz zeta,https://dlmf.nist.gov/25.11,primary reference,"Definitions, formulas and domain conventions for hurwitz zeta."
ea-dlmf-2512,NIST DLMF §25.12: Polylogarithms,https://dlmf.nist.gov/25.12,primary reference,"Definitions, formulas and domain conventions for polylogarithms."
ea-dlmf-202,NIST DLMF §20.2: Theta functions,https://dlmf.nist.gov/20.2,primary reference,"Definitions, formulas and domain conventions for theta functions."
ea-dlmf-207,NIST DLMF §20.7: Theta identities,https://dlmf.nist.gov/20.7,primary reference,"Definitions, formulas and domain conventions for theta identities."
ea-dlmf-413,NIST DLMF §4.13: Lambert W function,https://dlmf.nist.gov/4.13,primary reference,"Definitions, formulas and domain conventions for lambert w function."
ea-dlmf-25,NIST DLMF §2.5: Mellin transforms,https://dlmf.nist.gov/2.5,primary reference,"Definitions, formulas and domain conventions for mellin transforms."
ea-dlmf-1032,NIST DLMF §10.32: Modified Bessel integrals,https://dlmf.nist.gov/10.32,primary reference,"Definitions, formulas and domain conventions for modified bessel integrals."
ea-dlmf-817,NIST DLMF §8.17: Incomplete beta,https://dlmf.nist.gov/8.17,primary reference,"Definitions, formulas and domain conventions for incomplete beta."
ea-saad-iterative,"Yousef Saad, Iterative Methods for Sparse Linear Systems, second edition",https://www-users.cse.umn.edu/~saad/IterMethBook_2ndEd.pdf,author textbook,"Stationary iterations, Krylov methods, preconditioning, orthogonalization and sparse solves."
ea-dlmf-35,NIST DLMF §3.5: Quadrature,https://dlmf.nist.gov/3.5,primary reference,"Definitions, formulas and domain conventions for quadrature."
ea-dlmf-311,NIST DLMF §3.11: Approximation techniques,https://dlmf.nist.gov/3.11,primary reference,"Definitions, formulas and domain conventions for approximation techniques."
ea-fnc-quasinewton,"Driscoll and Braun, FNC: Quasi-Newton rootfinding",https://fncbook.com/quasinewton/,author textbook,Author textbook treatment of quasi-newton rootfinding.
ea-hunter-1,"Hunter and Nachtergaele, Applied Analysis: Metric and normed spaces",https://www.math.ucdavis.edu/~hunter/book/ch1.pdf,author textbook,Author textbook chapter on metric and normed spaces.
ea-hunter-2,"Hunter and Nachtergaele, Applied Analysis: Continuous functions",https://www.math.ucdavis.edu/~hunter/book/ch2.pdf,author textbook,Author textbook chapter on continuous functions.
ea-hunter-5,"Hunter and Nachtergaele, Applied Analysis: Banach spaces",https://www.math.ucdavis.edu/~hunter/book/ch5.pdf,author textbook,Author textbook chapter on banach spaces.
ea-hunter-8,"Hunter and Nachtergaele, Applied Analysis: Hilbert-space operators",https://www.math.ucdavis.edu/~hunter/book/ch8.pdf,author textbook,Author textbook chapter on hilbert-space operators.
ea-hunter-9,"Hunter and Nachtergaele, Applied Analysis: Operator spectra",https://www.math.ucdavis.edu/~hunter/book/ch9.pdf,author textbook,Author textbook chapter on operator spectra.
ea-hunter-10,"Hunter and Nachtergaele, Applied Analysis: Differential operators and Green functions",https://www.math.ucdavis.edu/~hunter/book/ch10.pdf,author textbook,Author textbook chapter on differential operators and green functions.
ea-hunter-11,"Hunter and Nachtergaele, Applied Analysis: Distributions and Fourier transforms",https://www.math.ucdavis.edu/~hunter/book/ch11.pdf,author textbook,Author textbook chapter on distributions and fourier transforms.
ea-hunter-12,"Hunter and Nachtergaele, Applied Analysis: Measure and function spaces",https://www.math.ucdavis.edu/~hunter/book/ch12.pdf,author textbook,Author textbook chapter on measure and function spaces.
ea-hunter-13,"Hunter and Nachtergaele, Applied Analysis: Differential calculus and variations",https://www.math.ucdavis.edu/~hunter/book/ch13.pdf,author textbook,Author textbook chapter on differential calculus and variations.
ea-tao-harmonic1,"Terence Tao, UCLA 247A lecture notes 1",https://www.math.ucla.edu/~tao/247a.1.06f/notes1.pdf,university lecture notes,"Lp and Lorentz spaces, operator estimates and interpolation."
ea-tao-harmonic3,"Terence Tao, UCLA 247A lecture notes 3",https://www.math.ucla.edu/~tao/247a.1.06f/notes3.pdf,university lecture notes,Maximal-function estimates and Hilbert-space operator techniques.
ea-dlmf-18,NIST DLMF §1.8: Fourier series and Poisson summation,https://dlmf.nist.gov/1.8,primary reference,"Definitions, formulas and domain conventions for fourier series and poisson summation."
ea-tao-harmonic2,"Terence Tao, UCLA 247A lecture notes 2",https://www.math.ucla.edu/~tao/247a.1.06f/notes2.pdf,university lecture notes,"Maximal functions, differentiation and interpolation applications."
ea-tao-harmonic4,"Terence Tao, UCLA 247A lecture notes 4",https://www.math.ucla.edu/~tao/247a.1.06f/notes4.pdf,university lecture notes,Hilbert transform and singular integral operators.
ea-mcmullen-complex,"Curtis McMullen, Harvard Math 213a: Complex Analysis",https://people.math.harvard.edu/~ctm/home/text/class/harvard/213a/17/html/home/course/course.pdf,university lecture notes,"Entire functions, Jensen and Hadamard theory, conformal geometry, Schwarz–Christoffel and Picard theorems."
ea-hunter-ode,"John Hunter, Ordinary differential equations: existence and uniqueness",https://www.math.ucdavis.edu/~hunter/m207/ch1.pdf,university lecture notes,"Local existence, uniqueness, extension, and dependence on initial data."
ea-dlmf-23,NIST DLMF §2.3: Asymptotic integrals of a real variable,https://dlmf.nist.gov/2.3,primary reference,"Definitions, formulas and domain conventions for asymptotic integrals of a real variable."
ea-dlmf-24,NIST DLMF §2.4: Asymptotic contour integrals,https://dlmf.nist.gov/2.4,primary reference,"Definitions, formulas and domain conventions for asymptotic contour integrals."
ea-fnc-newtonsys,"Driscoll and Braun, FNC: Newton for nonlinear systems",https://fncbook.com/newtonsys/,author textbook,Author textbook treatment of newton for nonlinear systems.
ea-dlmf-2215,NIST DLMF §22.15: Inverse Jacobian elliptic functions,https://dlmf.nist.gov/22.15,primary reference,"Definitions, formulas and domain conventions for inverse jacobian elliptic functions."
ea-gravner-uniform-integrability,"Janko Gravner, Uniform integrability and martingales",https://www.math.ucdavis.edu/~gravner/MAT235B/assignments/MAT235B_lec5.pdf,university lecture notes,Uniform-integrability criterion and its relation to convergence in probability and L1. Finite measures reduce to the probability normalization.
eb-durrett,"Rick Durrett — Probability: Theory and Examples, fifth edition",https://math.duke.edu/~rtd/PTE/PTE5_011119.pdf,textbook,"Author-hosted text on probability measures, convergence, sums, martingales, Markov chains and Brownian motion."
eb-limits,"Larry Wasserman — Stochastic orders and nonidentical summands, Lecture 6",https://www.stat.cmu.edu/~larry/=stat705/Lecture6.pdf,lecture notes,"Stochastic order notation, nonidentical central limits and asymptotic approximations."
eb-concentration,Cosma Shalizi — Deviation inequalities II,https://www.stat.cmu.edu/~cshalizi/sml/21/lectures/06/lecture-06.html,lecture notes,"Sub-Gaussian variables, Efron–Stein and bounded-difference concentration."
eb-bernstein,"Larry Wasserman — Concentration inequalities, Lecture 3",https://www.stat.cmu.edu/~larry/=stat705/Lecture3.pdf,lecture notes,"Bounded-variable exponential bounds, Bernstein inequalities and concentration applications."
eb-wishart,Marco Taboga — Wishart distribution,https://www.statlect.com/probability-distributions/wishart-distribution,textbook,Author's derivation and properties of Gaussian outer-product distributions.
eb-cmu-convergence,"Larry Wasserman — Convergence, Lecture 5",https://www.stat.cmu.edu/~larry/=stat705/Lecture5.pdf,lecture notes,Modes of random-variable convergence and asymptotic transformations.
eb-empirical,"Larry Wasserman — Uniform convergence, Lecture 7",https://www.stat.cmu.edu/~larry/=stat705/Lecture7.pdf,lecture notes,Empirical distribution functions and uniform statistical convergence.
eb-vc,"Larry Wasserman — VC dimension, Lecture 8",https://www.stat.cmu.edu/~larry/=stat705/Lecture8.pdf,lecture notes,"Finite classes, shattering and bounds for uniform convergence."
eb-minimal-sufficiency,"Larry Wasserman — Minimal sufficiency, Lecture 11",https://www.stat.cmu.edu/~larry/=stat705/Lecture11a.pdf,lecture notes,Likelihood-ratio characterization of minimal sufficient statistics.
eb-exp-family,"Larry Wasserman — Exponential families, Lecture 12",https://www.stat.cmu.edu/~larry/=stat705/Lecture12a.pdf,lecture notes,"Log-partition derivatives, minimal representations and maximum-entropy duality."
eb-estimation,"Larry Wasserman — Point estimation, Lecture 13",https://www.stat.cmu.edu/~larry/=stat705/Lecture13.pdf,lecture notes,"Estimators, loss, likelihood and Bayesian estimation."
eb-decision,"Larry Wasserman — Decision theory, Lecture 14",https://www.stat.cmu.edu/~larry/=stat705/Lecture14.pdf,lecture notes,"Risk functions, Bayes rules, minimax estimation and shrinkage."
eb-asymptotic-mle,"Larry Wasserman — Likelihood asymptotics, Lecture 15",https://www.stat.cmu.edu/~larry/=stat705/Lecture15.pdf,lecture notes,"Consistency, score expansions and asymptotic normality of regular MLEs."
eb-tests,"Larry Wasserman — Hypothesis testing, Lecture 16",https://www.stat.cmu.edu/~larry/=stat705/Lecture16.pdf,lecture notes,"Frequentist tests, error probabilities and normal approximations."
eb-multiple-tests,"Larry Wasserman — Multiple testing, Lecture 18",https://www.stat.cmu.edu/~larry/=stat705/Lecture18.pdf,lecture notes,"Familywise errors, false-discovery rates and multiple comparisons."
eb-stat-functionals,"Larry Wasserman — Statistical functionals, Lecture 19",https://www.stat.cmu.edu/~larry/=stat705/Lecture19.pdf,lecture notes,Plug-in estimation and nonparametric statistical functionals.
eb-causal,"Larry Wasserman — Causal inference, Lecture 21",https://www.stat.cmu.edu/~larry/=stat705/Lecture21.pdf,lecture notes,"Potential outcomes, exchangeability, adjustment and causal estimation."
eb-bayes,"Larry Wasserman — Bayesian inference, Lecture 24",https://www.stat.cmu.edu/~larry/=stat705/Lecture24.pdf,lecture notes,"Bayesian posterior summaries, interpretation and prior choices."
eb-sure,Cosma Shalizi — Predictive error and covariance penalties,https://www.stat.cmu.edu/~cshalizi/dm/20/lectures/18/lecture-18.html,lecture notes,"Cross-validation, covariance optimism and Stein risk estimation."
eb-learning-book,Shai Shalev-Shwartz and Shai Ben-David — Understanding Machine Learning,https://www.cs.huji.ac.il/~shais/UnderstandingMachineLearning/understanding-machine-learning-theory-algorithms.pdf,textbook,"Author-hosted text on statistical learning, generalization, kernels and optimization."
eb-svm,Andrew Ng — Support Vector Machines,https://cs229.stanford.edu/notes_archive/cs229-notes3.pdf,lecture notes,"Margins, hard and soft constraints, kernel functions and the SVM dual."
eb-gp-regression,Carl Rasmussen and Christopher Williams — Gaussian process regression,https://gaussianprocess.org/gpml/chapters/RW2.pdf,textbook,Author-hosted chapter on Gaussian process priors and posterior prediction.
eb-admm,Stephen Boyd and coauthors — Distributed Optimization and Statistical Learning via ADMM,https://web.stanford.edu/~boyd/papers/pdf/admm_distr_stats.pdf,paper,"Augmented Lagrangians, ADMM splitting, convergence assumptions and applications."
eb-copula,Martin Haugh — An Introduction to Copulas,https://www.columbia.edu/~mh2078/QRM/Copulas.pdf,lecture notes,"Sklar representation, dependence separated from marginals, and Fréchet–Hoeffding bounds."
eb-dirichlet,Susan Holmes — Modelling Mixtures: the Dirichlet distribution,https://web.stanford.edu/class/stats366/Mixt.html,lecture notes,"Dirichlet densities, normalized Gamma construction and multinomial conjugacy."
eb-bennett,Dmitry Panchenko — Bennett's inequality,https://ocw.mit.edu/courses/18-465-topics-in-statistics-statistical-learning-theory-spring-2007/ba808a4d135d28603dbbceebde304f78_lecture05.pdf,lecture notes,Derivation of the optimized bounded-variable exponential tail bound.
eb-completeness,Yuansi Chen — Completeness and Ancillarity,https://www2.stat.duke.edu/courses/Spring23/sta732.01/Lecture04.pdf,lecture notes,"Complete statistics, ancillary statistics and Basu's theorem."
eb-umvu,"Richard Lockhart — Lehmann–Scheffé theorem, STAT 801 Lecture 18",https://www.sfu.ca/~lockhart/richard/801/00_1/lectures/18/web.html,lecture notes,Unbiased estimation through complete sufficient statistics.
eb-shrinkage,Yuansi Chen — Empirical Bayes and Hierarchical Bayes,https://www2.stat.duke.edu/courses/Spring23/sta732.01/Lecture11.pdf,lecture notes,"Normal means, shrinkage and empirical Bayes motivation."
eb-model-selection,"Larry Wasserman — Model selection, Lecture 25",https://www.stat.cmu.edu/~larry/=stat705/Lecture25.pdf,lecture notes,"Likelihood criteria, model complexity and validation."
eb-kde,"Larry Wasserman — Nonparametric density and regression, Lecture 26",https://www.stat.cmu.edu/~larry/=stat705/Lecture26.pdf,lecture notes,"Kernel smoothing, bandwidth tradeoffs and nonparametric regression."
eb-distances,"Larry Wasserman — Distances between distributions, Lecture 27",https://www.stat.cmu.edu/~larry/=stat705/Lecture27.pdf,lecture notes,"Total variation, Hellinger, KL and transport distances in statistics."
eb-highdim-regression,"Larry Wasserman — Regression and Lasso, Lecture 23",https://www.stat.cmu.edu/~larry/=stat705/Lecture23.pdf,lecture notes,Linear regression as conditional-mean approximation and penalized fitting.
eb-survival,"Jonathan Taylor — Survival analysis, STATS 305B",https://web.stanford.edu/class/stats305b/notes/Survival_I.html,lecture notes,"Hazards, censoring, Nelson–Aalen and Kaplan–Meier estimation."
eb-cox,Jonathan Taylor — Cox proportional hazards model,https://web.stanford.edu/class/stats305b/notes/Survival_II.html,lecture notes,"Risk sets, proportional hazards and partial likelihood."
eb-mixing,Jonathan Hermon — Mixing Times of Markov Chains: Techniques and Examples,https://personal.math.ubc.ca/~jhermon/Mixing/mixing3.pdf,lecture notes,"Author's notes on total variation, coupling, mixing and spectral methods."
eb-metropolis,Christian Robert — The Metropolis–Hastings algorithm,https://arxiv.org/pdf/1504.01896,paper,Original expository article on Metropolis–Hastings construction and invariance.
eb-mc-variance,"Jonathan Goodman — Monte Carlo methods, Week 2",https://math.nyu.edu/~goodman/teaching/MonteCarlo17/notes/Week2.pdf,lecture notes,"Control variates, antithetic samples, stratification and importance sampling."
eb-measure-change,Jonathan Goodman — Path-space measures and change of measure,https://math.nyu.edu/~goodman/teaching/StochCalc2004/notes/l8.pdf,lecture notes,Importance sampling and diffusion changes of measure. Our absolute-continuity direction follows the standard Radon–Nikodym convention.
eb-particle-filter,Arnaud Doucet and Adam Johansen — A Tutorial on Particle Filtering and Smoothing,https://www.stats.ox.ac.uk/~doucet/doucet_johansen_tutorialPF2011.pdf,paper,Author-hosted tutorial on sequential importance weights and resampling.
eb-ctmc,Robert Gallager — Markov Processes with Countable State Spaces,https://ocw.mit.edu/courses/6-262-discrete-stochastic-processes-spring-2011/39a87732501aeba518cb3cc47e7e3541_MIT6_262S11_chap06.pdf,textbook,"Transition rates, forward and backward equations, uniformization and birth–death processes."
eb-renewal,Robert Gallager — Renewal Processes,https://ocw.mit.edu/courses/6-262-discrete-stochastic-processes-spring-2011/931ffa0940899c27f34b71ad64fd2bb0_MIT6_262S11_chap04.pdf,textbook,"Renewal equations, rewards, residual lifetimes and Little's law."
eb-sde,Lawrence Evans — An Introduction to Stochastic Differential Equations,https://imsc.uni-graz.at/keeling/modII_ss15/Evans_SDE.pdf,textbook,"Author's course notes hosted for a university course; stochastic integration, SDE existence and diffusion equations."
eb-ito-advanced,Steven Lalley — Notes on the Itô Calculus,https://www.stat.uchicago.edu/~lalley/Courses/385/Old/ItoIntegral-2012.pdf,lecture notes,"Stochastic exponentials, change of measure, SDEs, local time and Tanaka's formula."
eb-girsanov,Steven Lalley — Change of Measure and the Girsanov Theorem,https://www.stat.uchicago.edu/~lalley/Courses/390/Lecture10.pdf,lecture notes,Brownian changes of drift through stochastic exponential likelihood ratios.
eb-reflection,David Gamarnik — Brownian reflection principle,https://ocw.mit.edu/courses/15-070j-advanced-stochastic-processes-fall-2013/aca1518a09539a09ddd37428ab0d0268_MIT15_070JF13_Lec7.pdf,lecture notes,Reflection and distributions of Brownian extrema.
eb-quadratic-variation,David Gamarnik — Quadratic variation,https://ocw.mit.edu/courses/15-070j-advanced-stochastic-processes-fall-2013/ead1ddea0e6f0454a87c0d88e2553fee_MIT15_070JF13_Lec8.pdf,lecture notes,Gaussian squared increments and Brownian quadratic variation.
eb-martingale-convergence,David Gamarnik — Martingale convergence,https://ocw.mit.edu/courses/15-070j-advanced-stochastic-processes-fall-2013/66b6c8fdb52304e3777ce8286beaaf7d_MIT15_070JF13_Lec11Add.pdf,lecture notes,"Convergence of bounded martingales and submartingales, with integrability qualifications."
eb-bubeck,Sébastien Bubeck — Convex Optimization: Algorithms and Complexity,https://arxiv.org/pdf/1405.4980,monograph,"Author's monograph on first-order convex optimization, acceleration and complexity."
eb-monotone,Ernest Ryu and Stephen Boyd — A primer on monotone operator methods,https://web.stanford.edu/~boyd/papers/pdf/monotone_primer.pdf,paper,"Monotone operators, resolvents, proximal maps and splitting methods."
eb-pl,"Hamed Karimi, Julie Nutini and Mark Schmidt — Linear convergence under the Polyak–Łojasiewicz condition",https://optimization-online.org/wp-content/uploads/2016/08/5590.pdf,paper,Gradient domination and linear convergence beyond strong convexity.
eb-linesearch,Yudong Chen — Line search procedures and modified Newton methods,https://pages.cs.wisc.edu/~yudongchen/cs726_sp24/Lecture_20_line_search_modified_Newton.pdf,lecture notes,"Armijo and Wolfe conditions, existence of acceptable steps and descent safeguards."
eb-bfgs,"Marco Sutti — Notes on line search, trust regions, and the BFGS methods",https://www.marcosutti.net/files/Notes_BFGS.pdf,lecture notes,"Author's notes on secant updates, curvature conditions and quadratic local models."
eb-trust-region,Yudong Chen — Trust-region methods,https://pages.cs.wisc.edu/~yudongchen/cs726_sp24/Lecture_24_trust_region.pdf,lecture notes,Quadratic models on balls and exact global optimality conditions for the subproblem.
eb-primal-dual,Antonin Chambolle and Thomas Pock — A first-order primal-dual algorithm,https://optimization-online.org/wp-content/uploads/2010/06/2646.pdf,paper,Original primal-dual splitting scheme and its step-size and saddle-point hypotheses.
eb-natural-gradient,"Shun-ichi Amari, Ryo Karakida and Masafumi Oizumi — Fisher information and natural gradient learning",https://proceedings.mlr.press/v89/amari19a/amari19a.pdf,paper,"Fisher metric, natural gradient direction and neural-network derivative structure."
eb-adagrad,"John Duchi, Elad Hazan and Yoram Singer — Adaptive subgradient methods",https://jmlr.org/papers/volume12/duchi11a/duchi11a.pdf,paper,Adaptive diagonal geometry for online learning and stochastic optimization.
eb-adam,Diederik Kingma and Jimmy Ba — Adam: A Method for Stochastic Optimization,https://arxiv.org/pdf/1412.6980,paper,"Original moment estimates, bias corrections and adaptive stochastic update; the entry makes no blanket convergence claim."
eb-svrg,Rie Johnson and Tong Zhang — Accelerating stochastic gradient descent using predictive variance reduction,https://proceedings.neurips.cc/paper/2013/file/ac1dd209cbcc5e5d1c6e28598e8cbbe8-Paper.pdf,paper,Finite-sum control-variate gradient estimator and variance-reduced optimization.
eb-pac-bayes,Andreas Maurer — A note on the PAC Bayesian theorem,https://arxiv.org/pdf/cs/0411099,paper,Exponential Bernoulli-relative-entropy bounds and a PAC-Bayes bound for bounded losses; the stated version uses n≥8.
eb-stability,Olivier Bousquet and André Elisseeff — Stability and Generalization,https://jmlr.org/papers/volume2/bousquet02a/bousquet02a.pdf,paper,Algorithm stability and its relationship to the difference between training and population loss.
eb-kernels,"Carl Rasmussen and Christopher Williams — GPML, covariance functions",https://gaussianprocess.org/gpml/chapters/RW4.pdf,textbook chapter,"Positive-definite kernels, covariance construction and squared-exponential kernels."
eb-kernel-methods,"Carl Rasmussen and Christopher Williams — GPML, relationships between models",https://gaussianprocess.org/gpml/chapters/RW6.pdf,textbook chapter,"Reproducing-kernel methods, regularization and connections with Gaussian processes."
eb-neural-layers,"Stanford CS231n — Neural networks, part 1",https://cs231n.github.io/neural-networks-1/,lecture notes,"Affine layers, nonlinear activations and feedforward network structure."
eb-backprop,Stanford CS231n — Backpropagation and gradients,https://cs231n.github.io/optimization-2/,lecture notes,Chain-rule gradients through computational graphs and vector-valued operations.
eb-dropout,Nitish Srivastava and coauthors — Dropout,https://jmlr.org/papers/volume15/srivastava14a/srivastava14a.pdf,paper,Original random-unit masking method and its training/test scaling interpretation.
eb-batchnorm,Sergey Ioffe and Christian Szegedy — Batch Normalization,https://arxiv.org/pdf/1502.03167,paper,Mini-batch mean and variance normalization with learned affine parameters.
eb-attention,Ashish Vaswani and coauthors — Attention Is All You Need,https://arxiv.org/pdf/1706.03762,paper,Scaled dot-product attention and its softmax-weighted value aggregation.
eb-universal-approximation,George Cybenko — Approximation by superpositions of a sigmoidal function,https://homepages.dcc.ufmg.br/~gabriel/pestov/assets/files/cybenko_approximation.pdf,paper,"Original paper, university-hosted copy, on uniform approximation with one hidden layer."
eb-kmeans,Andrew Ng — The k-means clustering algorithm,https://cs229.stanford.edu/notes_archive/cs229-notes7a.pdf,lecture notes,Squared-error clustering and alternating assignment/centroid updates.
eb-generative-classification,Andrew Ng — Generative learning algorithms,https://cs229.stanford.edu/notes_archive/cs229-notes2.pdf,lecture notes,Gaussian discrimination and naive Bayes class-conditional factorization.
eb-autoencoders,"Ian Goodfellow, Yoshua Bengio and Aaron Courville — Autoencoders",https://www.deeplearningbook.org/contents/autoencoders.html,textbook chapter,"Encoder-decoder reconstruction, bottlenecks, denoising and relationships with PCA."
eb-bayesian-networks,Stanford CS228 — Bayesian networks,https://ermongroup.github.io/cs228-notes/representation/directed/,lecture notes,"Directed factorization, local conditional distributions and encoded independence."
eb-markov-fields,Stanford CS228 — Markov random fields,https://ermongroup.github.io/cs228-notes/representation/undirected/,lecture notes,"Clique potentials, normalization and undirected conditional independence."
eb-message-passing,Stanford CS228 — Junction tree and belief propagation,https://ermongroup.github.io/cs228-notes/inference/jt/,lecture notes,Exact sum-product messages on trees and marginal reconstruction.
eb-variational,Stanford CS228 — Variational inference,https://ermongroup.github.io/cs228-notes/inference/variational/,lecture notes,Mean-field factorization and coordinate variational updates.
eb-stochastic-gradients,John Schulman and coauthors — Gradient estimation using stochastic computation graphs,https://arxiv.org/pdf/1506.05254,paper,Score-function and pathwise gradient estimators; entries explicitly require valid differentiation under expectation.
eb-vae,Diederik Kingma and Max Welling — Auto-Encoding Variational Bayes,https://arxiv.org/pdf/1312.6114,paper,Reparameterized stochastic variational objectives and Gaussian latent variables.
eb-score-models,Yang Song and Stefano Ermon — Generative modeling by estimating gradients of the data distribution,https://arxiv.org/pdf/1907.05600,paper,Spatial density scores and denoising score matching for noise-smoothed distributions.
eb-random-features,Cosma Shalizi — Random feature machines,https://www.stat.cmu.edu/~cshalizi/sml/21/lectures/22/lecture-22.html,lecture notes,Monte Carlo Fourier features and their connection to stationary kernels.
eb-renyi,Tim van Erven and Peter Harremoës — Rényi divergence and Kullback–Leibler divergence,https://arxiv.org/pdf/1206.2459,paper,"Rényi information measures, limiting orders, Hellinger relations and divergence inequalities."
eb-f-divergences,Yury Polyanskiy and Yihong Wu — f-divergences,https://people.lids.mit.edu/yp/homepage/data/LN_fdiv.pdf,lecture notes,"Definitions, support conventions, Hellinger, total variation, Jensen–Shannon and data processing."
eb-info-local,"Yury Polyanskiy and Yihong Wu — Fisher information and information geometry, chapter 4",https://www.ocw.mit.edu/courses/6-441-information-theory-spring-2016/62759bed38f742cf4ed72f344ba40a3e_MIT6_441S16_chapter_4.pdf,lecture notes,Local behavior of divergence and Fisher information.
eb-slepian-wolf,"Yury Polyanskiy and Yihong Wu — Slepian–Wolf coding, chapter 7",https://www.ocw.mit.edu/courses/6-441-information-theory-spring-2016/85014cb1add9f415ef38f60f678f16b2_MIT6_441S16_chapter_7.pdf,lecture notes,Separate compression of correlated memoryless sources with joint decoding.
eb-aep,"Yury Polyanskiy and Yihong Wu — Stationary sources and AEP, chapter 8",https://www.ocw.mit.edu/courses/6-441-information-theory-spring-2016/099eee31611a15cbb951bd427a89428f_MIT6_441S16_chapter_8.pdf,lecture notes,Entropy rates and asymptotic equipartition for stationary sources.
eb-testing-exponents,"Yury Polyanskiy and Yihong Wu — Hypothesis testing asymptotics, chapter 11",https://www.ocw.mit.edu/courses/6-441-information-theory-spring-2016/d14633baf528941dcb5ee00a334e1d89_MIT6_441S16_chapter_11.pdf,lecture notes,Stein and Chernoff testing exponents and likelihood-ratio asymptotics.
eb-sanov,"Yury Polyanskiy and Yihong Wu — Large deviations and Sanov's theorem, chapter 12",https://www.ocw.mit.edu/courses/6-441-information-theory-spring-2016/70ca499b4657031ee80dedff6f4a5a22_MIT6_441S16_chapter_12.pdf,lecture notes,"Empirical distributions, relative-entropy rate functions and large-deviation bounds."
eb-rate-distortion,"Yury Polyanskiy and Yihong Wu — Rate-distortion theory, chapter 23",https://www.ocw.mit.edu/courses/6-441-information-theory-spring-2016/880c39878ba7dc35a5fbb35758d42a69_MIT6_441S16_chapter_23.pdf,lecture notes,Mutual-information characterization of lossy memoryless compression.
eb-rate-distortion-examples,"Yury Polyanskiy and Yihong Wu — Evaluating rate-distortion, chapter 25",https://www.ocw.mit.edu/courses/6-441-information-theory-spring-2016/5721b7df786b416dadad7c7bb3364d00_MIT6_441S16_chapter_25.pdf,lecture notes,Binary Hamming and Gaussian squared-error rate-distortion examples.
eb-information-bottleneck,"Naftali Tishby, Fernando Pereira and William Bialek — The information bottleneck method",https://arxiv.org/pdf/physics/0004057,paper,Original mutual-information tradeoff between compressed representation and retained predictive information.
eb-i-mmse,"Dongning Guo, Shlomo Shamai and Sergio Verdú — Mutual information and minimum mean-square error in Gaussian channels",https://arxiv.org/pdf/cs/0412108,paper,I-MMSE identity and its relation to de Bruijn's identity.
eb-entropy-power,Olivier Rioul — Information theoretic proofs of entropy power inequalities,https://arxiv.org/pdf/0704.1751,paper,"Entropy power, independent sums, Gaussian equality cases and Gaussian perturbation arguments."
eb-optimal-transport,"Sinho Chewi, Jonathan Niles-Weed and Philippe Rigollet — Statistical Optimal Transport",https://arxiv.org/pdf/2407.18163,monograph,"Author monograph on couplings, Wasserstein distances, Kantorovich duality and entropic transport."
eb-sinkhorn,Marco Cuturi — Sinkhorn Distances: Lightspeed Computation of Optimal Transport,https://arxiv.org/pdf/1306.0895,paper,Entropy-regularized finite transport and alternating matrix scaling.
eb-info-continuity,"Yury Polyanskiy and Yihong Wu — Continuity of information measures, chapter 3",https://www.ocw.mit.edu/courses/6-441-information-theory-spring-2016/486b7d83cc428acf75b74323ecafcc11_MIT6_441S16_chapter_3.pdf,lecture notes,Finite-alphabet continuity and divergence under partitions.
eb-z-transform,"Alan Oppenheim — Signals and Systems, lecture22: z-transform",https://ocw.mit.edu/courses/res-6-007-signals-and-systems-spring-2011/a7c147c0ec77f3e04d6ed4ddd9d28ee1_MITRES_6_007S11_lec22.pdf,lecture notes,"MIT author-provided notes explain the bilateral transform, annular region of convergence and relation to the discrete-time Fourier transform."
eb-z-properties,"Alan Oppenheim — Digital Signal Processing, lecture7 transcript: z-transform properties",https://ocw.mit.edu/courses/res-6-008-digital-signal-processing-spring-2011/ab98db61605303ad70feff000eb34662_LrNXtw0E7Dk.pdf,lecture transcript,MIT lecture transcript derives bilateral shifting and convolution and connects difference equations with rational transfer functions.
eb-dtft,"Alan Oppenheim — Signals and Systems, lecture11: discrete-time Fourier transform",https://ocw.mit.edu/courses/res-6-007-signals-and-systems-spring-2011/9434f9bde960fd3b2b81de3ad442f902_MITRES_6_007S11_lec11.pdf,lecture notes,"MIT notes give the transform pair, periodic frequency domain and exponential eigenfunctions of time-invariant systems."
eb-wiener,"Alan Oppenheim and George Verghese — Signals, Systems and Inference, chapter11",https://ocw.mit.edu/courses/6-011-introduction-to-communication-control-and-signal-processing-spring-2010/f135b328c7448bf21c4939ea9ff8f8fb_MIT6_011S10_chap11.pdf,textbook chapter,"Author-provided MIT chapter derives finite, noncausal and causal Wiener filters and the orthogonality principle."
eb-matched-filter,"George Verghese, Alan Oppenheim and Peter Hagelstein — Matched Filtering",https://ocw.mit.edu/courses/6-011-signals-systems-and-inference-spring-2018/dfe2855f36e44436678bfd3736c937fe_MIT6_011S18lec24.pdf,lecture notes,MIT lecture24 treats detection of a known signal in white Gaussian noise and the matched-filter statistic.
eb-time-frequency,"Thomas Vatter, Hau-Tieng Wu and Bin Yu — Time-frequency analysis via synchrosqueezing",https://www.math.ucdavis.edu/~saito/data/synchrosqueezing/vatter-wu-yu_volatility-via-synchrosqueeze.pdf,research paper,"Research paper's section3.2 defines short-time Fourier and continuous wavelet transforms, with translated and dilated templates."
eb-analytic-signal,Naoki Saito — Basics of Analytic Signals,https://www.math.ucdavis.edu/~saito/courses/ACHA.w16/analytic_signal.pdf,lecture notes,Author's UC Davis slides describe the Hilbert-transform quadrature component and positive-frequency analytic signal.
eb-u-statistics,"John Duchi — U Statistics, Stanford Stats300B",https://web.stanford.edu/class/stats300b/Slides/16-u-statistics.pdf,lecture notes,"Author-provided slides define symmetric U-statistics, work out sample variance and develop Hilbert-space projection arguments."
eb-levy-characterization,Fabrice Baudoin — Martingales as a time-changed Brownian motion,https://fabricebaudoin.blog/2012/09/27/lecture-23-time-changed-martingales-and-planar-brownian-motion/,lecture notes,Author's research-course notes state and prove Lévy's Brownian characterization using an exponential martingale.
eb-poisson-points,Günter Last and Mathew Penrose — Lectures on the Poisson Process,https://stoch.math.kit.edu/img/Last/lastpenrose2017.pdf,monograph,Author-provided monograph; proposition2.7 states Campbell's formula for point processes with a given intensity measure.
eb-poisson-integral,Günter Last and Mathew Penrose — Martingale representation for Poisson processes,https://arxiv.org/pdf/1001.3972,research paper,Primary paper states the compensated-Poisson predictable-integrand isometry in equation1.7 and connects it to the usual stochastic integral in section3.
ec-periodic-arithmetic,NIST DLMF §27.10: Periodic Number-Theoretic Functions,https://dlmf.nist.gov/27.10,official reference,"Ramanujan sums, finite Fourier expansions and character sums."
ec-partitions,NIST DLMF §27.14: Unrestricted Partitions,https://dlmf.nist.gov/27.14,official reference,"Euler reciprocal product, pentagonal numbers and partition recurrences."
ec-groebner,Michałek and Sturmfels: Invitation to Nonlinear Algebra,https://math.berkeley.edu/~bernd/gsm211.pdf,author textbook,"Author-hosted text on Gröbner bases, elimination and algebraic geometry."
ec-stacks-topology,Stacks Project: Topology,https://stacks.math.columbia.edu/download/topology.pdf,author reference project,"Foundations of compactness, separation and product topology."
ec-elliptic,Milne: Elliptic Curves,https://www.jmilne.org/math/Books/ectext6.pdf,author textbook,"Author text on plane cubics, divisor theory, Riemann–Roch and finite-field elliptic curves."
ec-lucas,Granville: Arithmetic Properties of Binomial Coefficients,https://dms.umontreal.ca/~andrew/Binomial/intro.html,author research exposition,Author exposition of Lucas congruence and Kummer carry valuation.
ec-ideal-factorization,Sutherland: Properties of Dedekind domains,https://math.mit.edu/classes/18.785/2021fa/LectureNotes3.pdf,university lecture notes,Unique factorization and invertibility of ideals.
ec-ramification,Sutherland: Dedekind extensions,https://math.mit.edu/classes/18.785/2021fa/LectureNotes5.pdf,university lecture notes,"Extension primes, residue degrees and ramification indices."
ec-discriminant,Sutherland: The different and the discriminant,https://math.mit.edu/classes/18.785/2021fa/LectureNotes12.pdf,university lecture notes,"Trace pairings, discriminants and arithmetic ramification."
ec-absolute-values,Sutherland: Absolute values and discrete valuations,https://math.mit.edu/classes/18.785/2021fa/LectureNotes1.pdf,university lecture notes,Basic arithmetic norms and integral elements.
ec-pfaffian,Goemans: Algebraic Approach to Matchings,https://math.mit.edu/~goemans/18455S20/lecs-algmat.pdf,university lecture notes,MIT lecture notes on Pfaffians and the Tutte matrix.
ec-matroids,Goemans: Matroid Definitions,https://math.mit.edu/~goemans/18438F09/lec8.pdf,university lecture notes,"MIT notes on independent sets, rank and exchange."
ec-matroid-intersection,Goemans: Matroid Intersection,https://math.mit.edu/~goemans/18438F09/lec11.pdf,university lecture notes,MIT notes on the common-independent-set min–max theorem.
ec-graph-basics,"Diestel: Graph Theory, Chapter 1",https://www.math.uni-hamburg.de/home/diestel/books/graph.theory/preview/Ch1.pdf,author textbook,"Graph fundamentals, paths, cycles and bipartiteness."
ec-graph-matchings,"Diestel: Graph Theory, Chapter 2",https://www.math.uni-hamburg.de/home/diestel/books/graph.theory/preview/Ch2.pdf,author textbook,"Matching, covering, packing and partially ordered sets."
ec-graph-connectivity,"Diestel: Graph Theory, Chapter 3",https://www.math.uni-hamburg.de/home/diestel/books/graph.theory/preview/Ch3.pdf,author textbook,Disjoint paths and separators.
ec-graph-extremal,"Diestel: Graph Theory, Chapter 7",https://www.math.uni-hamburg.de/home/diestel/books/graph.theory/preview/Ch7.pdf,author textbook,"Extremal graph theory, including Turán and Erdős–Stone."
ec-graph-ramsey,"Diestel: Graph Theory, Chapter 9",https://www.math.uni-hamburg.de/home/diestel/books/graph.theory/preview/Ch9.pdf,author textbook,Ramsey theory for finite graphs.
ec-riemannian,Petersen: Riemannian Geometry,https://www.math.ucla.edu/~petersen/RG.pdf,author textbook,"Author-hosted text on curvature, comparison geometry and Hodge theory."
ec-model-theory,Tressl: Introduction to Model Theory,https://personalpages.manchester.ac.uk/staff/marcus.tressl/papers/ModelTheory.pdf,university lecture notes,"Elementary substructures, ultraproducts and quantifier elimination."
ec-representations,Etingof et al. — Introduction to Representation Theory,https://math.mit.edu/~etingof/reprbook.pdf,author textbook,"Finite-group characters, semisimplicity, induction, Lie algebra representations, categories and homological algebra; original atlas summaries."
ec-category,Emily Riehl — Category Theory in Context,https://emilyriehl.github.io/files/context.pdf,author textbook,"Categories, universal properties, Yoneda, adjunctions, monads and Kan extensions."
ec-milne-ag,J. S. Milne — Algebraic Geometry,https://www.jmilne.org/math/CourseNotes/AG.pdf,author textbook,"Affine and projective varieties, coordinate rings, dimension, tangent spaces and curves."
ec-milne-groups,J. S. Milne — Group Theory,https://www.jmilne.org/math/CourseNotes/GT.pdf,author textbook,"Group constructions, normal series, presentations and solvability."
ec-stanley,Richard Stanley — Algebraic Combinatorics,https://math.mit.edu/~rstan/algcomb/algcomb.pdf,author textbook,"Enumerative and algebraic combinatorics, partially ordered sets and related polynomial identities."
ec-symplectic,Ana Cannas da Silva — Lectures on Symplectic Geometry,https://people.math.ethz.ch/~acannas/Papers/lsg.pdf,author textbook,"Symplectic forms, Darboux coordinates, Lagrangian submanifolds and geometry of differential forms."
ec-bundles,Allen Hatcher — Vector Bundles and K-Theory,https://pi.math.cornell.edu/~hatcher/VBKT/VB.pdf,author textbook,"Vector bundles, characteristic classes and Thom constructions."
ec-matrix,Petersen and Pedersen — The Matrix Cookbook,https://www2.imm.dtu.dk/pubdb/edoc/imm3274.pdf,authors’ technical reference,Structural matrix identities; hypotheses and pedagogical explanations are stated separately in each atlas entry.
ec-hensel,Keith Conrad — Hensel’s Lemma,https://kconrad.math.uconn.edu/blurbs/gradnumthy/hensel.pdf,author notes,Lifting simple polynomial roots from congruences to p-adic solutions.
ec-norm-trace,"Andrew Sutherland — Étale algebras, norm and trace",https://math.mit.edu/classes/18.785/2021fa/LectureNotes4.pdf,university lecture notes,Field norm and trace through multiplication operators and embeddings.
ec-product-formula,Andrew Sutherland — Global fields and the product formula,https://math.mit.edu/classes/18.785/2021fa/LectureNotes13.pdf,university lecture notes,Normalized absolute values and the product formula.
ec-geometry-numbers,Andrew Sutherland — The geometry of numbers,https://math.mit.edu/classes/18.785/2021fa/LectureNotes14.pdf,university lecture notes,"Lattices, covolume and Minkowski’s convex-body theorem."
ec-units,Andrew Sutherland — Dirichlet’s unit theorem,https://math.mit.edu/classes/18.785/2021fa/LectureNotes15.pdf,university lecture notes,Unit groups and the logarithmic embedding of number fields.
ec-prime-number,Andrew Sutherland — Riemann’s zeta function and the prime number theorem,https://math.mit.edu/classes/18.785/2021fa/LectureNotes16.pdf,university lecture notes,Prime-counting asymptotics and Euler-product arithmetic.
ec-dirichlet,Andrew Sutherland — Dirichlet L-functions and primes in arithmetic progressions,https://math.mit.edu/classes/18.785/2021fa/LectureNotes18.pdf,university lecture notes,"Dirichlet characters, Euler products and primes in coprime progressions."
ec-stacks-algebra,The Stacks Project — Commutative Algebra,https://stacks.math.columbia.edu/download/algebra.pdf,collaborative mathematical reference,"Localization, modules, exact sequences, Nakayama, flatness, dimension and polynomial rings."
ec-stacks-schemes,The Stacks Project — Schemes,https://stacks.math.columbia.edu/download/schemes.pdf,collaborative mathematical reference,"Affine schemes, gluing, morphisms and local ring structure."
er-mechanics,"David Tong, Classical Dynamics: Newtonian mechanics",https://davidtong.org/pdfs/teaching/classical-dynamics/clas1.pdf,author text or university lecture notes,"Particle mechanics, work, central forces and conserved quantities; use the stated Newtonian assumptions."
er-hamilton,"David Tong, Classical Dynamics: Hamiltonian formalism",https://davidtong.org/pdfs/teaching/classical-dynamics/clas4.pdf,author text or university lecture notes,"Canonical coordinates, Poisson brackets, phase volume, recurrence, action-angle variables and Hamilton–Jacobi theory."
er-rigid,"David Tong, Classical Dynamics: Rigid bodies",https://davidtong.org/pdfs/teaching/classical-dynamics/clas3.pdf,author text or university lecture notes,"Inertia tensors, principal axes and Euler's rigid-body equations."
er-maxwell,"Feynman, Leighton and Sands, The Maxwell Equations",https://www.feynmanlectures.caltech.edu/II_18.html,author text or university lecture notes,"Maxwell equations, electromagnetic potentials and vacuum wave propagation. Atlas formulas use SI units."
er-field-energy,"Feynman, Leighton and Sands, Field Energy and Field Momentum",https://www.feynmanlectures.caltech.edu/II_27.html,author text or university lecture notes,Local energy conservation and energy flow of classical electromagnetic fields.
er-relativity,"Feynman, Leighton and Sands, The Special Theory of Relativity",https://www.feynmanlectures.caltech.edu/I_15.html,author text or university lecture notes,Lorentz transformations and invariant spacetime geometry; the atlas uses invariant rest mass m.
er-rel-energy,"Feynman, Leighton and Sands, Relativistic Energy and Momentum",https://www.feynmanlectures.caltech.edu/I_16.html,author text or university lecture notes,Energy-momentum relations and the invariant mass shell.
er-thermo1,"David Tong, Fundamentals of Statistical Mechanics",https://davidtong.org/pdfs/teaching/statistical-physics/statphys1.pdf,author text or university lecture notes,"Ensembles, partition functions, entropy and thermal fluctuations."
er-thermo2,"David Tong, Classical Gases",https://davidtong.org/pdfs/teaching/statistical-physics/statphys2.pdf,author text or university lecture notes,Equipartition and Maxwell distributions under classical equilibrium assumptions.
er-thermo3,"David Tong, Quantum Gases",https://davidtong.org/pdfs/teaching/statistical-physics/statphys3.pdf,author text or university lecture notes,"Occupation statistics for ideal bosons and fermions, and blackbody radiation."
er-thermo4,"David Tong, Classical Thermodynamics",https://davidtong.org/pdfs/teaching/statistical-physics/statphys4.pdf,author text or university lecture notes,"Thermodynamic potentials, differential relations and Maxwell relations."
er-thermo5,"David Tong, Phase Transitions",https://davidtong.org/pdfs/teaching/statistical-physics/statphys5.pdf,author text or university lecture notes,"Ising interactions, mean-field approximations, Landau theory and correlation structure."
er-dynamics,"Gerald Teschl, Ordinary Differential Equations and Dynamical Systems",https://www.mat.univie.ac.at/~gerald/ftp/book-ode/ode.pdf,author text or university lecture notes,"Author-hosted text: linear systems, stability, flows, bifurcations, planar dynamics and discrete dynamics. Original atlas explanations do not reproduce the text."
er-games13,"Tim Roughgarden, Potential Games and a Hierarchy of Equilibria",https://timroughgarden.org/f13/l/l13.pdf,author text or university lecture notes,"Finite potential games and distinctions between mixed, correlated and coarse correlated equilibria."
er-games16,"Tim Roughgarden, Best-Response Dynamics",https://timroughgarden.org/f13/l/l16.pdf,author text or university lecture notes,"Unilateral improvement, convergence in potential games and its limitations."
er-games18,"Tim Roughgarden, Swap Regret and Minimax",https://timroughgarden.org/f13/l/l18.pdf,author text or university lecture notes,"Mixed strategies, minimax and the connection between regret and equilibrium distributions."
er-games7,"Tim Roughgarden, The VCG Mechanism",https://timroughgarden.org/f13/l/l7.pdf,author text or university lecture notes,"Quasilinear utility, efficient allocation and externality payments."
er-games11,"Tim Roughgarden, Selfish Routing and the Price of Anarchy",https://timroughgarden.org/f13/l/l11.pdf,author text or university lecture notes,Wardrop equilibria and aggregate cost in nonatomic routing.
er-tcs-uncomputable,"Boaz Barak, Universality and Uncomputability",https://introtcs.org/public/lec_08_uncomputability.html,author text or university lecture notes,"Universal computation, diagonalization, halting and undecidability."
er-tcs-time,"Boaz Barak, Modeling Running Time",https://introtcs.org/public/lec_11_running_time.html,author text or university lecture notes,Polynomial time and time hierarchy under explicit machine-model conventions.
er-tcs-reductions,"Boaz Barak, Polynomial-Time Reductions",https://introtcs.org/public/lec_12_NP.html,author text or university lecture notes,Efficient transformations between decision problems and hardness transfer.
er-tcs-np,"Boaz Barak, NP, NP Completeness and Cook–Levin",https://introtcs.org/public/lec_13_Cook_Levin.html,author text or university lecture notes,"Polynomially checkable witnesses, satisfiability encodings and NP completeness."
er-tcs-random,"Boaz Barak, Modeling Randomized Computation",https://introtcs.org/public/lec_17_model_rand.html,author text or university lecture notes,"BPP, probability amplification and nonuniform circuits."
er-tcs-automata,"Boaz Barak, Automata and Regular Expressions",https://introtcs.org/public/lec_05_infinite.html,author text or university lecture notes,"Finite-state computation, regular languages and limitations of finite memory."
er-tcs-code,"Boaz Barak, Code as Data, Data as Code",https://introtcs.org/public/lec_04_code_and_data.html,author text or university lecture notes,"Program encoding, description length and counting arguments."
er-tcs-circuits,"Boaz Barak, Computing Every Function",https://introtcs.org/public/lec_03a_computing_every_function.html,author text or university lecture notes,"Boolean functions, circuit representations and counting the functions a representation can express."
er-quantum1,"David Tong, Quantum Mechanics: Introduction",https://davidtong.org/pdfs/teaching/quantum-mechanics/qm1.pdf,author text or university lecture notes,"Wavefunctions, Schrödinger evolution and conservation of probability."
er-quantum2,"David Tong, A Quantum Particle in One Dimension",https://davidtong.org/pdfs/teaching/quantum-mechanics/qm2.pdf,author text or university lecture notes,"Bound states, the harmonic oscillator, scattering and one-dimensional quantum models."
er-quantum3,"David Tong, The Formalism of Quantum Mechanics",https://davidtong.org/pdfs/teaching/quantum-mechanics/qm3.pdf,author text or university lecture notes,"Observables, inner products, measurement, commutation and uncertainty."
er-quantum4,"David Tong, A Quantum Particle in Three Dimensions",https://davidtong.org/pdfs/teaching/quantum-mechanics/qm4.pdf,author text or university lecture notes,Angular momentum operators and their spectral structure.
er-quantum-info,"John Watrous, The Theory of Quantum Information",https://cs.uwaterloo.ca/~watrous/TQI/TQI.pdf,author text or university lecture notes,"Author-hosted text on finite-dimensional states, measurements, channels, distinguishability and quantum entropy."
er-ergodic-mean,"Terence Tao, The Mean Ergodic Theorem",https://terrytao.wordpress.com/2008/01/30/254a-lecture-8-the-mean-ergodic-theorem/,author text or university lecture notes,Author's graduate lecture on Hilbert-space time averages and projection to invariant vectors.
er-ergodic-pointwise,"Terence Tao, Ergodicity",https://terrytao.wordpress.com/2008/02/04/254a-lecture-9-ergodicity/,author text or university lecture notes,"Author's graduate lecture on pointwise ergodic averages, invariant information and ergodicity."
er-ergodic-cocycles,"Simion Filip, Notes on the Multiplicative Ergodic Theorem",https://math.uchicago.edu/~sfilip/public_files/MET_lectures.pdf,author text or university lecture notes,"Author's notes on measure-preserving dynamics, Birkhoff averages and growth of derivative cocycles."
er-games2,"Tim Roughgarden, Mechanism Design Basics",https://timroughgarden.org/f13/l/l2.pdf,author text or university lecture notes,"Single-item auctions, quasilinear utility and truthful second-price bidding."
er-games3,"Tim Roughgarden, Myerson's Lemma",https://timroughgarden.org/f13/l/l3.pdf,author text or university lecture notes,Monotone single-parameter allocation rules and their truthful payment formula.
er-games14,"Tim Roughgarden, Smooth Games",https://timroughgarden.org/f13/l/l14.pdf,author text or university lecture notes,Smoothness inequalities and robust price-of-anarchy bounds.
er-games20,"Tim Roughgarden, Mixed Nash Equilibria and PPAD",https://timroughgarden.org/f13/l/l20.pdf,author text or university lecture notes,Nash existence through fixed points and the distinction between existence and computational efficiency.
er-cooperative,"Mihai Manea, Cooperative Games, MIT 14.126",https://ocw.mit.edu/courses/14-126-game-theory-spring-2016/25c82e8213fd23daa72c9382e921a2b0_MIT14_126S16_cooperative.pdf,author text or university lecture notes,"Cooperative solution concepts including the core, Shapley value and bargaining."
er-evolutionary,"MIT 6.254, Evolution and Learning in Games",https://ocw.mit.edu/courses/6-254-game-theory-with-engineering-applications-spring-2010/97f5dc3eb3cf5685c7d44adb5035e5ac_MIT6_254S10_lec10.pdf,author text or university lecture notes,Evolutionary stability and replicator dynamics; the atlas uses the standard unnormalized continuous-time convention.
er-rice-recursion,"Lenore Blum, Rice's Theorem and the Recursion Theorem, CMU",https://www.cs.cmu.edu/~lblum/flac/Lectures_pdf/Lecture12.pdf,author text or university lecture notes,"Semantic undecidability, program self-reference and computable fixed points."
er-kolmogorov,"Lenore Blum, Kolmogorov–Chaitin Complexity, CMU",https://www.cs.cmu.edu/~lblum/flac/Lectures_pdf/Lecture15.pdf,author text or university lecture notes,"Description-length complexity, incompressibility and noncomputability."
er-space,"Lenore Blum, Space Complexity and Savitch's Theorem, CMU",https://www.cs.cmu.edu/~lblum/flac/Lectures_pdf/Lecture20.pdf,author text or university lecture notes,"Configuration counting, recursive reachability and deterministic simulation of nondeterministic space."
f-dlmf-algebra,NIST DLMF §1.2: Elementary algebra,https://dlmf.nist.gov/1.2,reference,"Finite sums, binomial identities, means and elementary linear algebra. Entries and explanations in this atlas are original synthesis."
f-dlmf-exponential,"NIST DLMF §4.2: Logarithm, exponential and powers",https://dlmf.nist.gov/4.2,reference,Definitions and complex-function conventions; a starting reference for exponential and complex-coordinate entries.
f-dlmf-trig,NIST DLMF §4.21: Trigonometric identities,https://dlmf.nist.gov/4.21,reference,Addition and related trigonometric formulas.
f-openstax-composition,OpenStax Precalculus 2e §1.4: Composition of functions,https://openstax.org/books/precalculus-2e/pages/1-4-composition-of-functions,textbook,"Composition, domains, and arithmetic of functions. Linked for further reading; no textbook text reproduced."
f-openstax-inverse,OpenStax Precalculus 2e §1.7: Inverse functions,https://openstax.org/books/precalculus-2e/pages/1-7-inverse-functions,textbook,Invertibility and inverse-function domains.
f-mcs,"MIT: Mathematics for Computer Science, readings",https://ocw.mit.edu/courses/6-042j-mathematics-for-computer-science-spring-2015/pages/readings/,course,"Proofs, sets, induction, finite sums and discrete mathematics; course-level further reading."
f-mse,The Book of Statistical Proofs: The expected value minimizes mean squared error,https://statproofbook.github.io/P/mean-mse.html,proof,Squared-error minimization by the mean. Finite-data and projection connections are original algebraic elaborations; probabilistic L2 statements require finite second moments.
f-quasi,Paweł Pasteczka: Scales of quasi-arithmetic means determined by invariance property,https://arxiv.org/abs/1406.0064,paper,Quasi-arithmetic means generated by continuous strictly monotone coordinate maps.
